person_name,time_ms,ecg_raw,ppg_red_raw,ppg_ir_raw
unknown,0,2064,,
unknown,1,1993,,
unknown,2,1906,,
unknown,3,1799,,
unknown,4,1702,,
unknown,5,1599,,
unknown,6,1499,,
unknown,7,1424,,
unknown,8,1392,,
unknown,9,1387,,
unknown,10,1420,,
unknown,11,1481,,
unknown,12,1571,,
unknown,13,1667,,
unknown,14,1777,,
unknown,15,1886,,
unknown,16,1968,,
unknown,17,2032,,
unknown,18,2075,,
unknown,19,2080,,
unknown,20,2047,,
unknown,21,1990,,
unknown,22,1901,,
unknown,23,1798,,
unknown,24,1681,,
unknown,25,1567,,
unknown,26,1456,,
unknown,27,1377,,
unknown,28,1331,,
unknown,29,1328,,
unknown,30,1360,,
unknown,31,1424,,
unknown,32,1508,,
unknown,33,1617,,
unknown,34,1733,,
unknown,35,1835,,
unknown,36,1915,,
unknown,37,1977,,
unknown,38,2011,,
unknown,39,2019,,
unknown,40,1990,,
unknown,41,1932,,
unknown,42,1851,,
unknown,43,1745,,
unknown,44,1648,,
unknown,45,1535,,
unknown,46,1456,,
unknown,47,1392,,
unknown,48,1357,,
unknown,49,1358,,
unknown,50,1392,,
unknown,51,1456,,
unknown,52,1535,,
unknown,53,1643,,
unknown,54,1745,,
unknown,55,1847,,
unknown,56,1932,,
unknown,57,1987,,
unknown,58,2023,,
unknown,59,2026,,
unknown,60,1995,,
unknown,61,1934,,
unknown,62,1845,,
unknown,63,1744,,
unknown,64,1631,,
unknown,65,1507,,
unknown,66,1402,,
unknown,67,1325,,
unknown,68,1284,,
unknown,69,1284,,
unknown,70,1321,,
unknown,71,1385,,
unknown,72,1473,,
unknown,73,1581,,
unknown,74,1686,,
unknown,75,1781,,
unknown,76,1852,,
unknown,77,1894,,
unknown,78,1908,,
unknown,79,1903,,
unknown,80,1854,,
unknown,81,1785,,
unknown,82,1692,,
unknown,83,1589,,
unknown,84,1494,,
unknown,85,1410,,
unknown,86,1341,,
unknown,87,1302,,
unknown,88,1307,,
unknown,89,1356,,
unknown,90,1443,,
unknown,91,1570,,
unknown,92,1718,,
unknown,93,1887,,
unknown,94,2064,,
unknown,95,2246,,
unknown,96,2416,,
unknown,97,2583,,
unknown,98,2736,,
unknown,99,2870,,
unknown,100,2977,,
unknown,101,3041,,
unknown,102,3069,,
unknown,103,3067,,
unknown,104,3035,,
unknown,105,2993,,
unknown,106,2958,,
unknown,107,2929,,
unknown,108,2931,,
unknown,109,2951,,
unknown,110,2986,,
unknown,111,3022,,
unknown,112,3053,,
unknown,113,3071,,
unknown,114,3090,,
unknown,115,3071,,
unknown,116,3031,,
unknown,117,2974,,
unknown,118,2898,,
unknown,119,2803,,
unknown,120,2688,,
unknown,121,2541,,
unknown,122,2379,,
unknown,123,2192,,
unknown,124,1996,,
unknown,125,1797,,
unknown,126,1597,,
unknown,127,1411,,
unknown,128,1264,,
unknown,129,1159,,
unknown,130,1092,,
unknown,131,1065,,
unknown,132,1072,,
unknown,133,1105,,
unknown,134,1152,,
unknown,135,1213,,
unknown,136,1263,,
unknown,137,1301,,
unknown,138,1334,,
unknown,139,1354,,
unknown,140,1341,,
unknown,141,1312,,
unknown,142,1264,,
unknown,143,1210,,
unknown,144,1152,,
unknown,145,1099,,
unknown,146,1059,,
unknown,147,1049,,
unknown,148,1073,,
unknown,149,1131,,
unknown,150,1227,,
unknown,151,1338,,
unknown,152,1472,,
unknown,153,1623,,
unknown,154,1775,,
unknown,155,1904,,
unknown,156,2005,,
unknown,157,2086,,
unknown,158,2127,,
unknown,159,2128,,
unknown,160,2096,,
unknown,161,2023,,
unknown,162,1921,,
unknown,163,1802,,
unknown,164,1683,,
unknown,165,1571,,
unknown,166,1466,,
unknown,167,1392,,
unknown,168,1358,,
unknown,169,1360,,
unknown,170,1395,,
unknown,171,1471,,
unknown,172,1570,,
unknown,173,1677,,
unknown,174,1787,,
unknown,175,1885,,
unknown,176,1969,,
unknown,177,2027,,
unknown,178,2068,,
unknown,179,2074,,
unknown,180,2045,,
unknown,181,1984,,
unknown,182,1903,,
unknown,183,1806,,
unknown,184,1696,,
unknown,185,1593,,
unknown,186,1495,,
unknown,187,1433,,
unknown,188,1404,,
unknown,189,1419,,
unknown,190,1460,,
unknown,191,1533,,
unknown,192,1633,,
unknown,193,1744,,
unknown,194,1866,,
unknown,195,1969,,
unknown,196,2059,,
unknown,197,2119,,
unknown,198,2151,,
unknown,199,2151,,
unknown,200,2117,,
unknown,201,2057,,
unknown,202,1959,,
unknown,203,1853,,
unknown,204,1753,,
unknown,205,1649,,
unknown,206,1566,,
unknown,207,1498,,
unknown,208,1474,,
unknown,209,1486,,
unknown,210,1525,,
unknown,211,1605,,
unknown,212,1701,,
unknown,213,1805,,
unknown,214,1907,,
unknown,215,2000,,
unknown,216,2083,,
unknown,217,2131,,
unknown,218,2163,,
unknown,219,2160,,
unknown,220,2128,,
unknown,221,2071,,
unknown,222,1974,,
unknown,223,1881,,
unknown,224,1776,,
unknown,225,1667,,
unknown,226,1581,,
unknown,227,1509,,
unknown,228,1488,,
unknown,229,1495,,
unknown,230,1535,,
unknown,231,1618,,
unknown,232,1715,,
unknown,233,1824,,
unknown,234,1939,,
unknown,235,2045,,
unknown,236,2131,,
unknown,237,2192,,
unknown,238,2225,,
unknown,239,2230,,
unknown,240,2203,,
unknown,241,2144,,
unknown,242,2064,,
unknown,243,1948,,
unknown,244,1854,,
unknown,245,1747,,
unknown,246,1664,,
unknown,247,1603,,
unknown,248,1576,,
unknown,249,1590,,
unknown,250,1632,,
unknown,251,1706,,
unknown,252,1790,,
unknown,253,1899,,
unknown,254,1997,,
unknown,255,2091,,
unknown,256,2160,,
unknown,257,2214,,
unknown,258,2240,,
unknown,259,2240,,
unknown,260,2209,,
unknown,261,2138,,
unknown,262,2042,,
unknown,263,1945,,
unknown,264,1841,,
unknown,265,1744,,
unknown,266,1655,,
unknown,267,1600,,
unknown,268,1584,,
unknown,269,1599,,
unknown,270,1650,,
unknown,271,1728,,
unknown,272,1829,,
unknown,273,1932,,
unknown,274,2057,,
unknown,275,2157,,
unknown,276,2228,,
unknown,277,2277,,
unknown,278,2295,,
unknown,279,2285,,
unknown,280,2238,,
unknown,281,2166,,
unknown,282,2075,,
unknown,283,1964,,
unknown,284,1865,,
unknown,285,1775,,
unknown,286,1699,,
unknown,287,1653,,
unknown,288,1646,,
unknown,289,1671,,
unknown,290,1723,,
unknown,291,1803,,
unknown,292,1891,,
unknown,293,1990,,
unknown,294,2088,,
unknown,295,2161,,
unknown,296,2221,,
unknown,297,2250,,
unknown,298,2263,,
unknown,299,2245,,
unknown,300,2194,,
unknown,301,2122,,
unknown,302,2022,,
unknown,303,1926,,
unknown,304,1831,,
unknown,305,1743,,
unknown,306,1668,,
unknown,307,1623,,
unknown,308,1616,,
unknown,309,1641,,
unknown,310,1694,,
unknown,311,1769,,
unknown,312,1857,,
unknown,313,1950,,
unknown,314,2055,,
unknown,315,2138,,
unknown,316,2195,,
unknown,317,2227,,
unknown,318,2237,,
unknown,319,2210,,
unknown,320,2155,,
unknown,321,2082,,
unknown,322,1974,,
unknown,323,1861,,
unknown,324,1750,,
unknown,325,1652,,
unknown,326,1579,,
unknown,327,1521,,
unknown,328,1517,,
unknown,329,1535,,
unknown,330,1599,,
unknown,331,1676,,
unknown,332,1762,,
unknown,333,1863,,
unknown,334,1953,,
unknown,335,2028,,
unknown,336,2083,,
unknown,337,2114,,
unknown,338,2117,,
unknown,339,2093,,
unknown,340,2031,,
unknown,341,1946,,
unknown,342,1843,,
unknown,343,1743,,
unknown,344,1647,,
unknown,345,1554,,
unknown,346,1481,,
unknown,347,1441,,
unknown,348,1438,,
unknown,349,1463,,
unknown,350,1521,,
unknown,351,1603,,
unknown,352,1694,,
unknown,353,1786,,
unknown,354,1891,,
unknown,355,1975,,
unknown,356,2032,,
unknown,357,2071,,
unknown,358,2079,,
unknown,359,2057,,
unknown,360,2000,,
unknown,361,1926,,
unknown,362,1829,,
unknown,363,1718,,
unknown,364,1611,,
unknown,365,1509,,
unknown,366,1435,,
unknown,367,1393,,
unknown,368,1392,,
unknown,369,1424,,
unknown,370,1482,,
unknown,371,1580,,
unknown,372,1675,,
unknown,373,1791,,
unknown,374,1889,,
unknown,375,1975,,
unknown,376,2038,,
unknown,377,2074,,
unknown,378,2092,,
unknown,379,2065,,
unknown,380,2009,,
unknown,381,1933,,
unknown,382,1830,,
unknown,383,1728,,
unknown,384,1622,,
unknown,385,1521,,
unknown,386,1441,,
unknown,387,1393,,
unknown,388,1382,,
unknown,389,1408,,
unknown,390,1457,,
unknown,391,1535,,
unknown,392,1643,,
unknown,393,1751,,
unknown,394,1866,,
unknown,395,1964,,
unknown,396,2036,,
unknown,397,2093,,
unknown,398,2111,,
unknown,399,2096,,
unknown,400,2042,,
unknown,401,1968,,
unknown,402,1872,,
unknown,403,1765,,
unknown,404,1647,,
unknown,405,1527,,
unknown,406,1438,,
unknown,407,1381,,
unknown,408,1365,,
unknown,409,1389,,
unknown,410,1439,,
unknown,411,1525,,
unknown,412,1628,,
unknown,413,1747,,
unknown,414,1857,,
unknown,415,1951,,
unknown,416,2027,,
unknown,417,2081,,
unknown,418,2111,,
unknown,419,2097,,
unknown,420,2053,,
unknown,421,1977,,
unknown,422,1885,,
unknown,423,1783,,
unknown,424,1682,,
unknown,425,1586,,
unknown,426,1499,,
unknown,427,1449,,
unknown,428,1429,,
unknown,429,1450,,
unknown,430,1499,,
unknown,431,1584,,
unknown,432,1679,,
unknown,433,1780,,
unknown,434,1890,,
unknown,435,1982,,
unknown,436,2055,,
unknown,437,2099,,
unknown,438,2119,,
unknown,439,2102,,
unknown,440,2045,,
unknown,441,1968,,
unknown,442,1866,,
unknown,443,1757,,
unknown,444,1648,,
unknown,445,1535,,
unknown,446,1465,,
unknown,447,1425,,
unknown,448,1426,,
unknown,449,1469,,
unknown,450,1535,,
unknown,451,1631,,
unknown,452,1737,,
unknown,453,1859,,
unknown,454,1968,,
unknown,455,2061,,
unknown,456,2119,,
unknown,457,2150,,
unknown,458,2155,,
unknown,459,2128,,
unknown,460,2071,,
unknown,461,1983,,
unknown,462,1879,,
unknown,463,1778,,
unknown,464,1680,,
unknown,465,1598,,
unknown,466,1526,,
unknown,467,1496,,
unknown,468,1501,,
unknown,469,1535,,
unknown,470,1616,,
unknown,471,1701,,
unknown,472,1799,,
unknown,473,1894,,
unknown,474,1994,,
unknown,475,2079,,
unknown,476,2128,,
unknown,477,2158,,
unknown,478,2154,,
unknown,479,2123,,
unknown,480,2061,,
unknown,481,1968,,
unknown,482,1869,,
unknown,483,1766,,
unknown,484,1661,,
unknown,485,1566,,
unknown,486,1494,,
unknown,487,1461,,
unknown,488,1471,,
unknown,489,1507,,
unknown,490,1581,,
unknown,491,1670,,
unknown,492,1766,,
unknown,493,1878,,
unknown,494,1984,,
unknown,495,2067,,
unknown,496,2126,,
unknown,497,2155,,
unknown,498,2158,,
unknown,499,2121,,
unknown,500,2064,,
unknown,501,1975,,
unknown,502,1875,,
unknown,503,1775,,
unknown,504,1680,,
unknown,505,1596,,
unknown,506,1523,,
unknown,507,1498,,
unknown,508,1500,,
unknown,509,1535,,
unknown,510,1611,,
unknown,511,1691,,
unknown,512,1791,,
unknown,513,1885,,
unknown,514,1974,,
unknown,515,2047,,
unknown,516,2100,,
unknown,517,2126,,
unknown,518,2122,,
unknown,519,2093,,
unknown,520,2023,,
unknown,521,1938,,
unknown,522,1841,,
unknown,523,1739,,
unknown,524,1634,,
unknown,525,1535,,
unknown,526,1476,,
unknown,527,1447,,
unknown,528,1456,,
unknown,529,1498,,
unknown,530,1574,,
unknown,531,1664,,
unknown,532,1765,,
unknown,533,1879,,
unknown,534,1983,,
unknown,535,2064,,
unknown,536,2115,,
unknown,537,2143,,
unknown,538,2143,,
unknown,539,2109,,
unknown,540,2054,,
unknown,541,1963,,
unknown,542,1863,,
unknown,543,1757,,
unknown,544,1658,,
unknown,545,1574,,
unknown,546,1506,,
unknown,547,1478,,
unknown,548,1487,,
unknown,549,1526,,
unknown,550,1600,,
unknown,551,1687,,
unknown,552,1786,,
unknown,553,1879,,
unknown,554,1968,,
unknown,555,2034,,
unknown,556,2090,,
unknown,557,2111,,
unknown,558,2109,,
unknown,559,2075,,
unknown,560,2003,,
unknown,561,1920,,
unknown,562,1818,,
unknown,563,1721,,
unknown,564,1618,,
unknown,565,1526,,
unknown,566,1469,,
unknown,567,1440,,
unknown,568,1454,,
unknown,569,1490,,
unknown,570,1567,,
unknown,571,1654,,
unknown,572,1751,,
unknown,573,1866,,
unknown,574,1968,,
unknown,575,2047,,
unknown,576,2103,,
unknown,577,2127,,
unknown,578,2119,,
unknown,579,2082,,
unknown,580,2022,,
unknown,581,1933,,
unknown,582,1830,,
unknown,583,1722,,
unknown,584,1623,,
unknown,585,1534,,
unknown,586,1474,,
unknown,587,1451,,
unknown,588,1463,,
unknown,589,1506,,
unknown,590,1584,,
unknown,591,1670,,
unknown,592,1776,,
unknown,593,1872,,
unknown,594,1966,,
unknown,595,2030,,
unknown,596,2083,,
unknown,597,2102,,
unknown,598,2101,,
unknown,599,2064,,
unknown,600,1991,,
unknown,601,1904,,
unknown,602,1805,,
unknown,603,1707,,
unknown,604,1608,,
unknown,605,1520,,
unknown,606,1459,,
unknown,607,1435,,
unknown,608,1447,,
unknown,609,1488,,
unknown,610,1564,,
unknown,611,1653,,
unknown,612,1749,,
unknown,613,1865,,
unknown,614,1968,,
unknown,615,2046,,
unknown,616,2101,,
unknown,617,2128,,
unknown,618,2123,,
unknown,619,2086,,
unknown,620,2017,,
unknown,621,1927,,
unknown,622,1822,,
unknown,623,1713,,
unknown,624,1611,,
unknown,625,1520,,
unknown,626,1458,,
unknown,627,1431,,
unknown,628,1446,,
unknown,629,1488,,
unknown,630,1568,,
unknown,631,1654,,
unknown,632,1759,,
unknown,633,1865,,
unknown,634,1952,,
unknown,635,2019,,
unknown,636,2069,,
unknown,637,2089,,
unknown,638,2081,,
unknown,639,2038,,
unknown,640,1973,,
unknown,641,1887,,
unknown,642,1784,,
unknown,643,1699,,
unknown,644,1602,,
unknown,645,1517,,
unknown,646,1458,,
unknown,647,1435,,
unknown,648,1453,,
unknown,649,1497,,
unknown,650,1578,,
unknown,651,1665,,
unknown,652,1764,,
unknown,653,1878,,
unknown,654,1971,,
unknown,655,2062,,
unknown,656,2107,,
unknown,657,2129,,
unknown,658,2128,,
unknown,659,2097,,
unknown,660,2032,,
unknown,661,1939,,
unknown,662,1843,,
unknown,663,1742,,
unknown,664,1643,,
unknown,665,1555,,
unknown,666,1501,,
unknown,667,1481,,
unknown,668,1498,,
unknown,669,1555,,
unknown,670,1633,,
unknown,671,1734,,
unknown,672,1847,,
unknown,673,1961,,
unknown,674,2064,,
unknown,675,2142,,
unknown,676,2192,,
unknown,677,2223,,
unknown,678,2224,,
unknown,679,2188,,
unknown,680,2121,,
unknown,681,2023,,
unknown,682,1917,,
unknown,683,1814,,
unknown,684,1713,,
unknown,685,1629,,
unknown,686,1567,,
unknown,687,1535,,
unknown,688,1567,,
unknown,689,1616,,
unknown,690,1697,,
unknown,691,1798,,
unknown,692,1905,,
unknown,693,2027,,
unknown,694,2144,,
unknown,695,2231,,
unknown,696,2288,,
unknown,697,2320,,
unknown,698,2322,,
unknown,699,2288,,
unknown,700,2230,,
unknown,701,2139,,
unknown,702,2034,,
unknown,703,1927,,
unknown,704,1827,,
unknown,705,1744,,
unknown,706,1690,,
unknown,707,1675,,
unknown,708,1693,,
unknown,709,1744,,
unknown,710,1821,,
unknown,711,1918,,
unknown,712,2031,,
unknown,713,2142,,
unknown,714,2238,,
unknown,715,2309,,
unknown,716,2351,,
unknown,717,2368,,
unknown,718,2352,,
unknown,719,2303,,
unknown,720,2223,,
unknown,721,2122,,
unknown,722,2000,,
unknown,723,1898,,
unknown,724,1791,,
unknown,725,1701,,
unknown,726,1632,,
unknown,727,1600,,
unknown,728,1603,,
unknown,729,1633,,
unknown,730,1695,,
unknown,731,1773,,
unknown,732,1856,,
unknown,733,1947,,
unknown,734,2029,,
unknown,735,2098,,
unknown,736,2137,,
unknown,737,2149,,
unknown,738,2131,,
unknown,739,2082,,
unknown,740,2000,,
unknown,741,1895,,
unknown,742,1776,,
unknown,743,1649,,
unknown,744,1521,,
unknown,745,1414,,
unknown,746,1331,,
unknown,747,1293,,
unknown,748,1294,,
unknown,749,1329,,
unknown,750,1399,,
unknown,751,1491,,
unknown,752,1609,,
unknown,753,1728,,
unknown,754,1835,,
unknown,755,1918,,
unknown,756,1979,,
unknown,757,2017,,
unknown,758,2023,,
unknown,759,1991,,
unknown,760,1926,,
unknown,761,1838,,
unknown,762,1728,,
unknown,763,1625,,
unknown,764,1510,,
unknown,765,1410,,
unknown,766,1342,,
unknown,767,1310,,
unknown,768,1312,,
unknown,769,1354,,
unknown,770,1423,,
unknown,771,1518,,
unknown,772,1625,,
unknown,773,1739,,
unknown,774,1840,,
unknown,775,1923,,
unknown,776,1983,,
unknown,777,2016,,
unknown,778,2015,,
unknown,779,1979,,
unknown,780,1915,,
unknown,781,1820,,
unknown,782,1712,,
unknown,783,1593,,
unknown,784,1472,,
unknown,785,1368,,
unknown,786,1296,,
unknown,787,1264,,
unknown,788,1273,,
unknown,789,1319,,
unknown,790,1393,,
unknown,791,1491,,
unknown,792,1617,,
unknown,793,1737,,
unknown,794,1846,,
unknown,795,1926,,
unknown,796,1986,,
unknown,797,2015,,
unknown,798,2012,,
unknown,799,1978,,
unknown,800,1906,,
unknown,801,1814,,
unknown,802,1699,,
unknown,803,1593,,
unknown,804,1483,,
unknown,805,1388,,
unknown,806,1319,,
unknown,807,1280,,
unknown,808,1285,,
unknown,809,1326,,
unknown,810,1394,,
unknown,811,1483,,
unknown,812,1582,,
unknown,813,1685,,
unknown,814,1771,,
unknown,815,1837,,
unknown,816,1872,,
unknown,817,1890,,
unknown,818,1872,,
unknown,819,1825,,
unknown,820,1754,,
unknown,821,1663,,
unknown,822,1567,,
unknown,823,1461,,
unknown,824,1366,,
unknown,825,1292,,
unknown,826,1253,,
unknown,827,1262,,
unknown,828,1315,,
unknown,829,1415,,
unknown,830,1535,,
unknown,831,1709,,
unknown,832,1887,,
unknown,833,2090,,
unknown,834,2282,,
unknown,835,2464,,
unknown,836,2638,,
unknown,837,2787,,
unknown,838,2908,,
unknown,839,2996,,
unknown,840,3044,,
unknown,841,3056,,
unknown,842,3033,,
unknown,843,3009,,
unknown,844,2973,,
unknown,845,2934,,
unknown,846,2913,,
unknown,847,2917,,
unknown,848,2934,,
unknown,849,2961,,
unknown,850,2994,,
unknown,851,3023,,
unknown,852,3038,,
unknown,853,3047,,
unknown,854,3035,,
unknown,855,3008,,
unknown,856,2963,,
unknown,857,2899,,
unknown,858,2811,,
unknown,859,2697,,
unknown,860,2544,,
unknown,861,2363,,
unknown,862,2166,,
unknown,863,1940,,
unknown,864,1708,,
unknown,865,1468,,
unknown,866,1262,,
unknown,867,1094,,
unknown,868,969,,
unknown,869,889,,
unknown,870,849,,
unknown,871,849,,
unknown,872,886,,
unknown,873,949,,
unknown,874,1023,,
unknown,875,1102,,
unknown,876,1178,,
unknown,877,1241,,
unknown,878,1292,,
unknown,879,1318,,
unknown,880,1321,,
unknown,881,1306,,
unknown,882,1273,,
unknown,883,1247,,
unknown,884,1219,,
unknown,885,1201,,
unknown,886,1209,,
unknown,887,1241,,
unknown,888,1306,,
unknown,889,1392,,
unknown,890,1503,,
unknown,891,1630,,
unknown,892,1757,,
unknown,893,1872,,
unknown,894,1968,,
unknown,895,2047,,
unknown,896,2096,,
unknown,897,2115,,
unknown,898,2100,,
unknown,899,2041,,
unknown,900,1963,,
unknown,901,1856,,
unknown,902,1747,,
unknown,903,1631,,
unknown,904,1514,,
unknown,905,1422,,
unknown,906,1358,,
unknown,907,1330,,
unknown,908,1350,,
unknown,909,1403,,
unknown,910,1483,,
unknown,911,1589,,
unknown,912,1709,,
unknown,913,1831,,
unknown,914,1936,,
unknown,915,2019,,
unknown,916,2086,,
unknown,917,2113,,
unknown,918,2112,,
unknown,919,2078,,
unknown,920,2009,,
unknown,921,1919,,
unknown,922,1808,,
unknown,923,1705,,
unknown,924,1600,,
unknown,925,1507,,
unknown,926,1453,,
unknown,927,1424,,
unknown,928,1439,,
unknown,929,1487,,
unknown,930,1569,,
unknown,931,1658,,
unknown,932,1763,,
unknown,933,1869,,
unknown,934,1958,,
unknown,935,2032,,
unknown,936,2085,,
unknown,937,2110,,
unknown,938,2103,,
unknown,939,2069,,
unknown,940,1998,,
unknown,941,1904,,
unknown,942,1808,,
unknown,943,1710,,
unknown,944,1604,,
unknown,945,1518,,
unknown,946,1461,,
unknown,947,1453,,
unknown,948,1472,,
unknown,949,1527,,
unknown,950,1616,,
unknown,951,1712,,
unknown,952,1826,,
unknown,953,1941,,
unknown,954,2045,,
unknown,955,2127,,
unknown,956,2179,,
unknown,957,2206,,
unknown,958,2192,,
unknown,959,2147,,
unknown,960,2077,,
unknown,961,1971,,
unknown,962,1861,,
unknown,963,1753,,
unknown,964,1651,,
unknown,965,1562,,
unknown,966,1501,,
unknown,967,1486,,
unknown,968,1506,,
unknown,969,1569,,
unknown,970,1648,,
unknown,971,1750,,
unknown,972,1864,,
unknown,973,1970,,
unknown,974,2065,,
unknown,975,2139,,
unknown,976,2188,,
unknown,977,2212,,
unknown,978,2205,,
unknown,979,2162,,
unknown,980,2100,,
unknown,981,1999,,
unknown,982,1904,,
unknown,983,1802,,
unknown,984,1706,,
unknown,985,1622,,
unknown,986,1570,,
unknown,987,1557,,
unknown,988,1583,,
unknown,989,1633,,
unknown,990,1711,,
unknown,991,1808,,
unknown,992,1917,,
unknown,993,2037,,
unknown,994,2143,,
unknown,995,2218,,
unknown,996,2273,,
unknown,997,2298,,
unknown,998,2289,,
unknown,999,2251,,
unknown,1000,2179,,
unknown,1001,2085,,
unknown,1002,1967,,
unknown,1003,1859,,
unknown,1004,1750,,
unknown,1005,1667,,
unknown,1006,1613,,
unknown,1007,1597,,
unknown,1008,1619,,
unknown,1009,1672,,
unknown,1010,1757,,
unknown,1011,1856,,
unknown,1012,1968,,
unknown,1013,2080,,
unknown,1014,2172,,
unknown,1015,2241,,
unknown,1016,2291,,
unknown,1017,2313,,
unknown,1018,2303,,
unknown,1019,2256,,
unknown,1020,2180,,
unknown,1021,2079,,
unknown,1022,1975,,
unknown,1023,1867,,
unknown,1024,1766,,
unknown,1025,1680,,
unknown,1026,1629,,
unknown,1027,1618,,
unknown,1028,1646,,
unknown,1029,1698,,
unknown,1030,1779,,
unknown,1031,1877,,
unknown,1032,1990,,
unknown,1033,2108,,
unknown,1034,2208,,
unknown,1035,2282,,
unknown,1036,2330,,
unknown,1037,2349,,
unknown,1038,2333,,
unknown,1039,2277,,
unknown,1040,2200,,
unknown,1041,2096,,
unknown,1042,1973,,
unknown,1043,1851,,
unknown,1044,1738,,
unknown,1045,1648,,
unknown,1046,1591,,
unknown,1047,1574,,
unknown,1048,1597,,
unknown,1049,1651,,
unknown,1050,1734,,
unknown,1051,1837,,
unknown,1052,1950,,
unknown,1053,2058,,
unknown,1054,2147,,
unknown,1055,2213,,
unknown,1056,2255,,
unknown,1057,2271,,
unknown,1058,2256,,
unknown,1059,2203,,
unknown,1060,2115,,
unknown,1061,2004,,
unknown,1062,1898,,
unknown,1063,1783,,
unknown,1064,1680,,
unknown,1065,1589,,
unknown,1066,1535,,
unknown,1067,1520,,
unknown,1068,1535,,
unknown,1069,1600,,
unknown,1070,1680,,
unknown,1071,1777,,
unknown,1072,1885,,
unknown,1073,1994,,
unknown,1074,2093,,
unknown,1075,2157,,
unknown,1076,2196,,
unknown,1077,2207,,
unknown,1078,2186,,
unknown,1079,2128,,
unknown,1080,2038,,
unknown,1081,1931,,
unknown,1082,1808,,
unknown,1083,1680,,
unknown,1084,1557,,
unknown,1085,1458,,
unknown,1086,1402,,
unknown,1087,1387,,
unknown,1088,1408,,
unknown,1089,1470,,
unknown,1090,1563,,
unknown,1091,1671,,
unknown,1092,1792,,
unknown,1093,1904,,
unknown,1094,2001,,
unknown,1095,2080,,
unknown,1096,2126,,
unknown,1097,2138,,
unknown,1098,2114,,
unknown,1099,2064,,
unknown,1100,1973,,
unknown,1101,1871,,
unknown,1102,1759,,
unknown,1103,1648,,
unknown,1104,1535,,
unknown,1105,1459,,
unknown,1106,1411,,
unknown,1107,1400,,
unknown,1108,1426,,
unknown,1109,1488,,
unknown,1110,1580,,
unknown,1111,1681,,
unknown,1112,1792,,
unknown,1113,1906,,
unknown,1114,2002,,
unknown,1115,2078,,
unknown,1116,2126,,
unknown,1117,2133,,
unknown,1118,2112,,
unknown,1119,2059,,
unknown,1120,1968,,
unknown,1121,1861,,
unknown,1122,1746,,
unknown,1123,1619,,
unknown,1124,1507,,
unknown,1125,1421,,
unknown,1126,1375,,
unknown,1127,1365,,
unknown,1128,1402,,
unknown,1129,1467,,
unknown,1130,1568,,
unknown,1131,1679,,
unknown,1132,1807,,
unknown,1133,1923,,
unknown,1134,2021,,
unknown,1135,2096,,
unknown,1136,2139,,
unknown,1137,2151,,
unknown,1138,2127,,
unknown,1139,2070,,
unknown,1140,1978,,
unknown,1141,1871,,
unknown,1142,1761,,
unknown,1143,1651,,
unknown,1144,1535,,
unknown,1145,1463,,
unknown,1146,1421,,
unknown,1147,1414,,
unknown,1148,1445,,
unknown,1149,1508,,
unknown,1150,1599,,
unknown,1151,1702,,
unknown,1152,1808,,
unknown,1153,1917,,
unknown,1154,2001,,
unknown,1155,2069,,
unknown,1156,2110,,
unknown,1157,2117,,
unknown,1158,2097,,
unknown,1159,2036,,
unknown,1160,1954,,
unknown,1161,1849,,
unknown,1162,1741,,
unknown,1163,1622,,
unknown,1164,1514,,
unknown,1165,1435,,
unknown,1166,1392,,
unknown,1167,1393,,
unknown,1168,1426,,
unknown,1169,1488,,
unknown,1170,1590,,
unknown,1171,1699,,
unknown,1172,1823,,
unknown,1173,1936,,
unknown,1174,2025,,
unknown,1175,2096,,
unknown,1176,2135,,
unknown,1177,2150,,
unknown,1178,2122,,
unknown,1179,2065,,
unknown,1180,1971,,
unknown,1181,1869,,
unknown,1182,1755,,
unknown,1183,1648,,
unknown,1184,1535,,
unknown,1185,1471,,
unknown,1186,1431,,
unknown,1187,1431,,
unknown,1188,1471,,
unknown,1189,1535,,
unknown,1190,1630,,
unknown,1191,1739,,
unknown,1192,1844,,
unknown,1193,1947,,
unknown,1194,2033,,
unknown,1195,2101,,
unknown,1196,2135,,
unknown,1197,2143,,
unknown,1198,2115,,
unknown,1199,2059,,
unknown,1200,1968,,
unknown,1201,1867,,
unknown,1202,1751,,
unknown,1203,1633,,
unknown,1204,1524,,
unknown,1205,1453,,
unknown,1206,1403,,
unknown,1207,1407,,
unknown,1208,1443,,
unknown,1209,1510,,
unknown,1210,1610,,
unknown,1211,1717,,
unknown,1212,1841,,
unknown,1213,1953,,
unknown,1214,2043,,
unknown,1215,2115,,
unknown,1216,2159,,
unknown,1217,2168,,
unknown,1218,2139,,
unknown,1219,2085,,
unknown,1220,1994,,
unknown,1221,1883,,
unknown,1222,1776,,
unknown,1223,1668,,
unknown,1224,1569,,
unknown,1225,1489,,
unknown,1226,1452,,
unknown,1227,1451,,
unknown,1228,1488,,
unknown,1229,1559,,
unknown,1230,1645,,
unknown,1231,1746,,
unknown,1232,1850,,
unknown,1233,1947,,
unknown,1234,2031,,
unknown,1235,2096,,
unknown,1236,2130,,
unknown,1237,2141,,
unknown,1238,2112,,
unknown,1239,2054,,
unknown,1240,1968,,
unknown,1241,1867,,
unknown,1242,1759,,
unknown,1243,1648,,
unknown,1244,1535,,
unknown,1245,1469,,
unknown,1246,1429,,
unknown,1247,1431,,
unknown,1248,1471,,
unknown,1249,1535,,
unknown,1250,1632,,
unknown,1251,1733,,
unknown,1252,1851,,
unknown,1253,1959,,
unknown,1254,2054,,
unknown,1255,2113,,
unknown,1256,2147,,
unknown,1257,2155,,
unknown,1258,2128,,
unknown,1259,2066,,
unknown,1260,1973,,
unknown,1261,1862,,
unknown,1262,1748,,
unknown,1263,1644,,
unknown,1264,1535,,
unknown,1265,1472,,
unknown,1266,1441,,
unknown,1267,1443,,
unknown,1268,1487,,
unknown,1269,1557,,
unknown,1270,1649,,
unknown,1271,1755,,
unknown,1272,1857,,
unknown,1273,1952,,
unknown,1274,2032,,
unknown,1275,2091,,
unknown,1276,2120,,
unknown,1277,2123,,
unknown,1278,2096,,
unknown,1279,2027,,
unknown,1280,1939,,
unknown,1281,1840,,
unknown,1282,1730,,
unknown,1283,1619,,
unknown,1284,1519,,
unknown,1285,1450,,
unknown,1286,1418,,
unknown,1287,1421,,
unknown,1288,1463,,
unknown,1289,1534,,
unknown,1290,1635,,
unknown,1291,1737,,
unknown,1292,1857,,
unknown,1293,1963,,
unknown,1294,2045,,
unknown,1295,2110,,
unknown,1296,2141,,
unknown,1297,2139,,
unknown,1298,2106,,
unknown,1299,2041,,
unknown,1300,1947,,
unknown,1301,1839,,
unknown,1302,1723,,
unknown,1303,1616,,
unknown,1304,1518,,
unknown,1305,1448,,
unknown,1306,1411,,
unknown,1307,1418,,
unknown,1308,1456,,
unknown,1309,1523,,
unknown,1310,1619,,
unknown,1311,1727,,
unknown,1312,1829,,
unknown,1313,1927,,
unknown,1314,2001,,
unknown,1315,2061,,
unknown,1316,2096,,
unknown,1317,2093,,
unknown,1318,2064,,
unknown,1319,1997,,
unknown,1320,1915,,
unknown,1321,1814,,
unknown,1322,1712,,
unknown,1323,1609,,
unknown,1324,1514,,
unknown,1325,1447,,
unknown,1326,1414,,
unknown,1327,1421,,
unknown,1328,1461,,
unknown,1329,1525,,
unknown,1330,1618,,
unknown,1331,1715,,
unknown,1332,1835,,
unknown,1333,1936,,
unknown,1334,2019,,
unknown,1335,2083,,
unknown,1336,2116,,
unknown,1337,2119,,
unknown,1338,2090,,
unknown,1339,2027,,
unknown,1340,1936,,
unknown,1341,1827,,
unknown,1342,1715,,
unknown,1343,1613,,
unknown,1344,1517,,
unknown,1345,1449,,
unknown,1346,1418,,
unknown,1347,1422,,
unknown,1348,1459,,
unknown,1349,1526,,
unknown,1350,1619,,
unknown,1351,1728,,
unknown,1352,1833,,
unknown,1353,1923,,
unknown,1354,2000,,
unknown,1355,2055,,
unknown,1356,2090,,
unknown,1357,2090,,
unknown,1358,2060,,
unknown,1359,1989,,
unknown,1360,1904,,
unknown,1361,1804,,
unknown,1362,1705,,
unknown,1363,1602,,
unknown,1364,1506,,
unknown,1365,1443,,
unknown,1366,1414,,
unknown,1367,1422,,
unknown,1368,1463,,
unknown,1369,1530,,
unknown,1370,1622,,
unknown,1371,1719,,
unknown,1372,1834,,
unknown,1373,1935,,
unknown,1374,2013,,
unknown,1375,2077,,
unknown,1376,2103,,
unknown,1377,2103,,
unknown,1378,2070,,
unknown,1379,2006,,
unknown,1380,1920,,
unknown,1381,1812,,
unknown,1382,1703,,
unknown,1383,1600,,
unknown,1384,1505,,
unknown,1385,1441,,
unknown,1386,1414,,
unknown,1387,1425,,
unknown,1388,1471,,
unknown,1389,1535,,
unknown,1390,1638,,
unknown,1391,1744,,
unknown,1392,1845,,
unknown,1393,1935,,
unknown,1394,2005,,
unknown,1395,2063,,
unknown,1396,2091,,
unknown,1397,2087,,
unknown,1398,2046,,
unknown,1399,1979,,
unknown,1400,1891,,
unknown,1401,1794,,
unknown,1402,1701,,
unknown,1403,1603,,
unknown,1404,1515,,
unknown,1405,1458,,
unknown,1406,1439,,
unknown,1407,1454,,
unknown,1408,1497,,
unknown,1409,1579,,
unknown,1410,1670,,
unknown,1411,1774,,
unknown,1412,1889,,
unknown,1413,1995,,
unknown,1414,2082,,
unknown,1415,2139,,
unknown,1416,2175,,
unknown,1417,2179,,
unknown,1418,2150,,
unknown,1419,2097,,
unknown,1420,2007,,
unknown,1421,1911,,
unknown,1422,1809,,
unknown,1423,1712,,
unknown,1424,1623,,
unknown,1425,1567,,
unknown,1426,1535,,
unknown,1427,1535,,
unknown,1428,1595,,
unknown,1429,1664,,
unknown,1430,1754,,
unknown,1431,1855,,
unknown,1432,1954,,
unknown,1433,2041,,
unknown,1434,2112,,
unknown,1435,2161,,
unknown,1436,2192,,
unknown,1437,2194,,
unknown,1438,2171,,
unknown,1439,2115,,
unknown,1440,2038,,
unknown,1441,1954,,
unknown,1442,1872,,
unknown,1443,1787,,
unknown,1444,1715,,
unknown,1445,1671,,
unknown,1446,1657,,
unknown,1447,1680,,
unknown,1448,1731,,
unknown,1449,1808,,
unknown,1450,1901,,
unknown,1451,1998,,
unknown,1452,2112,,
unknown,1453,2209,,
unknown,1454,2288,,
unknown,1455,2343,,
unknown,1456,2369,,
unknown,1457,2367,,
unknown,1458,2327,,
unknown,1459,2267,,
unknown,1460,2179,,
unknown,1461,2084,,
unknown,1462,1968,,
unknown,1463,1859,,
unknown,1464,1764,,
unknown,1465,1698,,
unknown,1466,1665,,
unknown,1467,1667,,
unknown,1468,1706,,
unknown,1469,1763,,
unknown,1470,1839,,
unknown,1471,1931,,
unknown,1472,2017,,
unknown,1473,2097,,
unknown,1474,2159,,
unknown,1475,2187,,
unknown,1476,2192,,
unknown,1477,2170,,
unknown,1478,2119,,
unknown,1479,2027,,
unknown,1480,1930,,
unknown,1481,1812,,
unknown,1482,1710,,
unknown,1483,1605,,
unknown,1484,1511,,
unknown,1485,1449,,
unknown,1486,1419,,
unknown,1487,1424,,
unknown,1488,1463,,
unknown,1489,1527,,
unknown,1490,1617,,
unknown,1491,1705,,
unknown,1492,1807,,
unknown,1493,1897,,
unknown,1494,1963,,
unknown,1495,2005,,
unknown,1496,2030,,
unknown,1497,2025,,
unknown,1498,1979,,
unknown,1499,1920,,
unknown,1500,1827,,
unknown,1501,1726,,
unknown,1502,1616,,
unknown,1503,1504,,
unknown,1504,1419,,
unknown,1505,1355,,
unknown,1506,1331,,
unknown,1507,1344,,
unknown,1508,1390,,
unknown,1509,1458,,
unknown,1510,1535,,
unknown,1511,1658,,
unknown,1512,1761,,
unknown,1513,1854,,
unknown,1514,1923,,
unknown,1515,1971,,
unknown,1516,1997,,
unknown,1517,1987,,
unknown,1518,1951,,
unknown,1519,1879,,
unknown,1520,1795,,
unknown,1521,1697,,
unknown,1522,1601,,
unknown,1523,1501,,
unknown,1524,1421,,
unknown,1525,1361,,
unknown,1526,1339,,
unknown,1527,1349,,
unknown,1528,1391,,
unknown,1529,1454,,
unknown,1530,1535,,
unknown,1531,1631,,
unknown,1532,1735,,
unknown,1533,1823,,
unknown,1534,1890,,
unknown,1535,1936,,
unknown,1536,1965,,
unknown,1537,1954,,
unknown,1538,1919,,
unknown,1539,1857,,
unknown,1540,1776,,
unknown,1541,1680,,
unknown,1542,1573,,
unknown,1543,1467,,
unknown,1544,1383,,
unknown,1545,1328,,
unknown,1546,1307,,
unknown,1547,1323,,
unknown,1548,1362,,
unknown,1549,1435,,
unknown,1550,1521,,
unknown,1551,1638,,
unknown,1552,1742,,
unknown,1553,1837,,
unknown,1554,1904,,
unknown,1555,1949,,
unknown,1556,1970,,
unknown,1557,1963,,
unknown,1558,1926,,
unknown,1559,1853,,
unknown,1560,1760,,
unknown,1561,1649,,
unknown,1562,1535,,
unknown,1563,1422,,
unknown,1564,1323,,
unknown,1565,1250,,
unknown,1566,1215,,
unknown,1567,1213,,
unknown,1568,1249,,
unknown,1569,1318,,
unknown,1570,1408,,
unknown,1571,1509,,
unknown,1572,1634,,
unknown,1573,1743,,
unknown,1574,1841,,
unknown,1575,1920,,
unknown,1576,1983,,
unknown,1577,2023,,
unknown,1578,2037,,
unknown,1579,2033,,
unknown,1580,2010,,
unknown,1581,1991,,
unknown,1582,1973,,
unknown,1583,1969,,
unknown,1584,1999,,
unknown,1585,2059,,
unknown,1586,2150,,
unknown,1587,2281,,
unknown,1588,2431,,
unknown,1589,2615,,
unknown,1590,2811,,
unknown,1591,3029,,
unknown,1592,3275,,
unknown,1593,3516,,
unknown,1594,3741,,
unknown,1595,3918,,
unknown,1596,4015,,
unknown,1597,3997,,
unknown,1598,3869,,
unknown,1599,3645,,
unknown,1600,3363,,
unknown,1601,3088,,
unknown,1602,2848,,
unknown,1603,2624,,
unknown,1604,2416,,
unknown,1605,2255,,
unknown,1606,2132,,
unknown,1607,2053,,
unknown,1608,2001,,
unknown,1609,1983,,
unknown,1610,1978,,
unknown,1611,1969,,
unknown,1612,1955,,
unknown,1613,1919,,
unknown,1614,1856,,
unknown,1615,1772,,
unknown,1616,1665,,
unknown,1617,1535,,
unknown,1618,1387,,
unknown,1619,1232,,
unknown,1620,1061,,
unknown,1621,901,,
unknown,1622,752,,
unknown,1623,631,,
unknown,1624,550,,
unknown,1625,511,,
unknown,1626,535,,
unknown,1627,602,,
unknown,1628,713,,
unknown,1629,867,,
unknown,1630,1050,,
unknown,1631,1251,,
unknown,1632,1451,,
unknown,1633,1641,,
unknown,1634,1783,,
unknown,1635,1903,,
unknown,1636,1980,,
unknown,1637,2016,,
unknown,1638,2017,,
unknown,1639,1974,,
unknown,1640,1906,,
unknown,1641,1814,,
unknown,1642,1724,,
unknown,1643,1622,,
unknown,1644,1529,,
unknown,1645,1466,,
unknown,1646,1429,,
unknown,1647,1430,,
unknown,1648,1459,,
unknown,1649,1517,,
unknown,1650,1600,,
unknown,1651,1681,,
unknown,1652,1776,,
unknown,1653,1854,,
unknown,1654,1918,,
unknown,1655,1965,,
unknown,1656,1986,,
unknown,1657,1982,,
unknown,1658,1947,,
unknown,1659,1892,,
unknown,1660,1807,,
unknown,1661,1723,,
unknown,1662,1631,,
unknown,1663,1535,,
unknown,1664,1463,,
unknown,1665,1421,,
unknown,1666,1410,,
unknown,1667,1435,,
unknown,1668,1488,,
unknown,1669,1569,,
unknown,1670,1662,,
unknown,1671,1767,,
unknown,1672,1872,,
unknown,1673,1959,,
unknown,1674,2027,,
unknown,1675,2077,,
unknown,1676,2096,,
unknown,1677,2084,,
unknown,1678,2042,,
unknown,1679,1973,,
unknown,1680,1887,,
unknown,1681,1786,,
unknown,1682,1685,,
unknown,1683,1587,,
unknown,1684,1506,,
unknown,1685,1461,,
unknown,1686,1446,,
unknown,1687,1466,,
unknown,1688,1520,,
unknown,1689,1600,,
unknown,1690,1691,,
unknown,1691,1791,,
unknown,1692,1885,,
unknown,1693,1968,,
unknown,1694,2032,,
unknown,1695,2081,,
unknown,1696,2103,,
unknown,1697,2096,,
unknown,1698,2055,,
unknown,1699,1986,,
unknown,1700,1904,,
unknown,1701,1810,,
unknown,1702,1713,,
unknown,1703,1619,,
unknown,1704,1535,,
unknown,1705,1495,,
unknown,1706,1486,,
unknown,1707,1507,,
unknown,1708,1565,,
unknown,1709,1639,,
unknown,1710,1729,,
unknown,1711,1838,,
unknown,1712,1939,,
unknown,1713,2035,,
unknown,1714,2111,,
unknown,1715,2159,,
unknown,1716,2177,,
unknown,1717,2169,,
unknown,1718,2129,,
unknown,1719,2065,,
unknown,1720,1973,,
unknown,1721,1870,,
unknown,1722,1770,,
unknown,1723,1671,,
unknown,1724,1595,,
unknown,1725,1535,,
unknown,1726,1530,,
unknown,1727,1557,,
unknown,1728,1608,,
unknown,1729,1683,,
unknown,1730,1780,,
unknown,1731,1884,,
unknown,1732,1979,,
unknown,1733,2067,,
unknown,1734,2129,,
unknown,1735,2172,,
unknown,1736,2192,,
unknown,1737,2186,,
unknown,1738,2145,,
unknown,1739,2081,,
unknown,1740,1991,,
unknown,1741,1906,,
unknown,1742,1821,,
unknown,1743,1733,,
unknown,1744,1662,,
unknown,1745,1617,,
unknown,1746,1611,,
unknown,1747,1634,,
unknown,1748,1689,,
unknown,1749,1761,,
unknown,1750,1850,,
unknown,1751,1951,,
unknown,1752,2061,,
unknown,1753,2145,,
unknown,1754,2213,,
unknown,1755,2256,,
unknown,1756,2273,,
unknown,1757,2260,,
unknown,1758,2217,,
unknown,1759,2146,,
unknown,1760,2054,,
unknown,1761,1946,,
unknown,1762,1843,,
unknown,1763,1743,,
unknown,1764,1663,,
unknown,1765,1616,,
unknown,1766,1610,,
unknown,1767,1632,,
unknown,1768,1690,,
unknown,1769,1771,,
unknown,1770,1867,,
unknown,1771,1977,,
unknown,1772,2081,,
unknown,1773,2162,,
unknown,1774,2225,,
unknown,1775,2265,,
unknown,1776,2287,,
unknown,1777,2273,,
unknown,1778,2224,,
unknown,1779,2151,,
unknown,1780,2058,,
unknown,1781,1961,,
unknown,1782,1859,,
unknown,1783,1770,,
unknown,1784,1695,,
unknown,1785,1650,,
unknown,1786,1645,,
unknown,1787,1665,,
unknown,1788,1723,,
unknown,1789,1793,,
unknown,1790,1883,,
unknown,1791,1974,,
unknown,1792,2082,,
unknown,1793,2165,,
unknown,1794,2224,,
unknown,1795,2256,,
unknown,1796,2268,,
unknown,1797,2250,,
unknown,1798,2193,,
unknown,1799,2118,,
unknown,1800,2023,,
unknown,1801,1917,,
unknown,1802,1808,,
unknown,1803,1707,,
unknown,1804,1622,,
unknown,1805,1575,,
unknown,1806,1564,,
unknown,1807,1587,,
unknown,1808,1639,,
unknown,1809,1716,,
unknown,1810,1808,,
unknown,1811,1908,,
unknown,1812,2000,,
unknown,1813,2083,,
unknown,1814,2144,,
unknown,1815,2180,,
unknown,1816,2191,,
unknown,1817,2167,,
unknown,1818,2121,,
unknown,1819,2038,,
unknown,1820,1939,,
unknown,1821,1840,,
unknown,1822,1744,,
unknown,1823,1647,,
unknown,1824,1570,,
unknown,1825,1518,,
unknown,1826,1509,,
unknown,1827,1529,,
unknown,1828,1584,,
unknown,1829,1657,,
unknown,1830,1741,,
unknown,1831,1835,,
unknown,1832,1921,,
unknown,1833,2000,,
unknown,1834,2059,,
unknown,1835,2094,,
unknown,1836,2098,,
unknown,1837,2078,,
unknown,1838,2016,,
unknown,1839,1941,,
unknown,1840,1849,,
unknown,1841,1744,,
unknown,1842,1637,,
unknown,1843,1533,,
unknown,1844,1459,,
unknown,1845,1419,,
unknown,1846,1412,,
unknown,1847,1441,,
unknown,1848,1493,,
unknown,1849,1584,,
unknown,1850,1676,,
unknown,1851,1787,,
unknown,1852,1888,,
unknown,1853,1968,,
unknown,1854,2030,,
unknown,1855,2070,,
unknown,1856,2083,,
unknown,1857,2063,,
unknown,1858,2006,,
unknown,1859,1929,,
unknown,1860,1834,,
unknown,1861,1729,,
unknown,1862,1630,,
unknown,1863,1532,,
unknown,1864,1458,,
unknown,1865,1422,,
unknown,1866,1413,,
unknown,1867,1438,,
unknown,1868,1491,,
unknown,1869,1581,,
unknown,1870,1675,,
unknown,1871,1776,,
unknown,1872,1867,,
unknown,1873,1942,,
unknown,1874,2000,,
unknown,1875,2037,,
unknown,1876,2053,,
unknown,1877,2033,,
unknown,1878,1985,,
unknown,1879,1911,,
unknown,1880,1830,,
unknown,1881,1734,,
unknown,1882,1635,,
unknown,1883,1535,,
unknown,1884,1472,,
unknown,1885,1431,,
unknown,1886,1429,,
unknown,1887,1458,,
unknown,1888,1515,,
unknown,1889,1598,,
unknown,1890,1685,,
unknown,1891,1791,,
unknown,1892,1887,,
unknown,1893,1965,,
unknown,1894,2021,,
unknown,1895,2059,,
unknown,1896,2068,,
unknown,1897,2043,,
unknown,1898,1998,,
unknown,1899,1925,,
unknown,1900,1831,,
unknown,1901,1744,,
unknown,1902,1650,,
unknown,1903,1569,,
unknown,1904,1501,,
unknown,1905,1469,,
unknown,1906,1470,,
unknown,1907,1501,,
unknown,1908,1561,,
unknown,1909,1637,,
unknown,1910,1727,,
unknown,1911,1814,,
unknown,1912,1900,,
unknown,1913,1969,,
unknown,1914,2025,,
unknown,1915,2063,,
unknown,1916,2068,,
unknown,1917,2043,,
unknown,1918,1995,,
unknown,1919,1929,,
unknown,1920,1837,,
unknown,1921,1738,,
unknown,1922,1639,,
unknown,1923,1535,,
unknown,1924,1483,,
unknown,1925,1450,,
unknown,1926,1456,,
unknown,1927,1490,,
unknown,1928,1557,,
unknown,1929,1641,,
unknown,1930,1733,,
unknown,1931,1843,,
unknown,1932,1936,,
unknown,1933,2015,,
unknown,1934,2071,,
unknown,1935,2106,,
unknown,1936,2112,,
unknown,1937,2087,,
unknown,1938,2033,,
unknown,1939,1958,,
unknown,1940,1863,,
unknown,1941,1767,,
unknown,1942,1674,,
unknown,1943,1590,,
unknown,1944,1520,,
unknown,1945,1489,,
unknown,1946,1493,,
unknown,1947,1527,,
unknown,1948,1593,,
unknown,1949,1671,,
unknown,1950,1765,,
unknown,1951,1856,,
unknown,1952,1938,,
unknown,1953,2005,,
unknown,1954,2060,,
unknown,1955,2090,,
unknown,1956,2091,,
unknown,1957,2067,,
unknown,1958,2006,,
unknown,1959,1935,,
unknown,1960,1846,,
unknown,1961,1758,,
unknown,1962,1666,,
unknown,1963,1584,,
unknown,1964,1520,,
unknown,1965,1489,,
unknown,1966,1499,,
unknown,1967,1535,,
unknown,1968,1600,,
unknown,1969,1680,,
unknown,1970,1765,,
unknown,1971,1871,,
unknown,1972,1965,,
unknown,1973,2035,,
unknown,1974,2095,,
unknown,1975,2121,,
unknown,1976,2127,,
unknown,1977,2096,,
unknown,1978,2039,,
unknown,1979,1962,,
unknown,1980,1866,,
unknown,1981,1765,,
unknown,1982,1664,,
unknown,1983,1581,,
unknown,1984,1509,,
unknown,1985,1479,,
unknown,1986,1487,,
unknown,1987,1520,,
unknown,1988,1587,,
unknown,1989,1665,,
unknown,1990,1763,,
unknown,1991,1856,,
unknown,1992,1940,,
unknown,1993,2009,,
unknown,1994,2064,,
unknown,1995,2095,,
unknown,1996,2096,,
unknown,1997,2071,,
unknown,1998,2013,,
unknown,1999,1936,,
unknown,2000,1847,,
unknown,2001,1758,,
unknown,2002,1665,,
unknown,2003,1583,,
unknown,2004,1519,,
unknown,2005,1488,,
unknown,2006,1499,,
unknown,2007,1535,,
unknown,2008,1598,,
unknown,2009,1678,,
unknown,2010,1765,,
unknown,2011,1867,,
unknown,2012,1959,,
unknown,2013,2031,,
unknown,2014,2089,,
unknown,2015,2113,,
unknown,2016,2122,,
unknown,2017,2091,,
unknown,2018,2031,,
unknown,2019,1950,,
unknown,2020,1851,,
unknown,2021,1746,,
unknown,2022,1648,,
unknown,2023,1558,,
unknown,2024,1488,,
unknown,2025,1458,,
unknown,2026,1461,,
unknown,2027,1499,,
unknown,2028,1567,,
unknown,2029,1648,,
unknown,2030,1744,,
unknown,2031,1846,,
unknown,2032,1933,,
unknown,2033,2003,,
unknown,2034,2058,,
unknown,2035,2085,,
unknown,2036,2086,,
unknown,2037,2060,,
unknown,2038,1991,,
unknown,2039,1915,,
unknown,2040,1825,,
unknown,2041,1735,,
unknown,2042,1641,,
unknown,2043,1557,,
unknown,2044,1493,,
unknown,2045,1469,,
unknown,2046,1472,,
unknown,2047,1511,,
unknown,2048,1578,,
unknown,2049,1657,,
unknown,2050,1744,,
unknown,2051,1847,,
unknown,2052,1937,,
unknown,2053,2013,,
unknown,2054,2070,,
unknown,2055,2096,,
unknown,2056,2096,,
unknown,2057,2064,,
unknown,2058,2003,,
unknown,2059,1920,,
unknown,2060,1827,,
unknown,2061,1719,,
unknown,2062,1616,,
unknown,2063,1521,,
unknown,2064,1459,,
unknown,2065,1435,,
unknown,2066,1443,,
unknown,2067,1475,,
unknown,2068,1535,,
unknown,2069,1628,,
unknown,2070,1731,,
unknown,2071,1825,,
unknown,2072,1915,,
unknown,2073,1984,,
unknown,2074,2032,,
unknown,2075,2063,,
unknown,2076,2060,,
unknown,2077,2022,,
unknown,2078,1963,,
unknown,2079,1883,,
unknown,2080,1791,,
unknown,2081,1702,,
unknown,2082,1611,,
unknown,2083,1529,,
unknown,2084,1475,,
unknown,2085,1455,,
unknown,2086,1465,,
unknown,2087,1504,,
unknown,2088,1571,,
unknown,2089,1652,,
unknown,2090,1738,,
unknown,2091,1840,,
unknown,2092,1922,,
unknown,2093,1991,,
unknown,2094,2037,,
unknown,2095,2067,,
unknown,2096,2065,,
unknown,2097,2030,,
unknown,2098,1971,,
unknown,2099,1887,,
unknown,2100,1791,,
unknown,2101,1683,,
unknown,2102,1582,,
unknown,2103,1489,,
unknown,2104,1429,,
unknown,2105,1406,,
unknown,2106,1415,,
unknown,2107,1458,,
unknown,2108,1529,,
unknown,2109,1620,,
unknown,2110,1729,,
unknown,2111,1833,,
unknown,2112,1926,,
unknown,2113,2000,,
unknown,2114,2058,,
unknown,2115,2084,,
unknown,2116,2085,,
unknown,2117,2053,,
unknown,2118,1986,,
unknown,2119,1904,,
unknown,2120,1806,,
unknown,2121,1712,,
unknown,2122,1617,,
unknown,2123,1530,,
unknown,2124,1475,,
unknown,2125,1455,,
unknown,2126,1462,,
unknown,2127,1503,,
unknown,2128,1577,,
unknown,2129,1655,,
unknown,2130,1746,,
unknown,2131,1842,,
unknown,2132,1929,,
unknown,2133,1995,,
unknown,2134,2041,,
unknown,2135,2070,,
unknown,2136,2066,,
unknown,2137,2028,,
unknown,2138,1968,,
unknown,2139,1886,,
unknown,2140,1795,,
unknown,2141,1694,,
unknown,2142,1595,,
unknown,2143,1501,,
unknown,2144,1440,,
unknown,2145,1415,,
unknown,2146,1424,,
unknown,2147,1463,,
unknown,2148,1527,,
unknown,2149,1617,,
unknown,2150,1727,,
unknown,2151,1832,,
unknown,2152,1928,,
unknown,2153,1999,,
unknown,2154,2055,,
unknown,2155,2082,,
unknown,2156,2086,,
unknown,2157,2053,,
unknown,2158,1986,,
unknown,2159,1904,,
unknown,2160,1808,,
unknown,2161,1712,,
unknown,2162,1616,,
unknown,2163,1534,,
unknown,2164,1479,,
unknown,2165,1458,,
unknown,2166,1473,,
unknown,2167,1514,,
unknown,2168,1587,,
unknown,2169,1673,,
unknown,2170,1770,,
unknown,2171,1865,,
unknown,2172,1947,,
unknown,2173,2014,,
unknown,2174,2064,,
unknown,2175,2095,,
unknown,2176,2096,,
unknown,2177,2063,,
unknown,2178,2003,,
unknown,2179,1925,,
unknown,2180,1840,,
unknown,2181,1746,,
unknown,2182,1653,,
unknown,2183,1583,,
unknown,2184,1526,,
unknown,2185,1519,,
unknown,2186,1535,,
unknown,2187,1595,,
unknown,2188,1664,,
unknown,2189,1755,,
unknown,2190,1858,,
unknown,2191,1962,,
unknown,2192,2057,,
unknown,2193,2122,,
unknown,2194,2165,,
unknown,2195,2182,,
unknown,2196,2173,,
unknown,2197,2133,,
unknown,2198,2069,,
unknown,2199,1981,,
unknown,2200,1883,,
unknown,2201,1792,,
unknown,2202,1705,,
unknown,2203,1635,,
unknown,2204,1595,,
unknown,2205,1587,,
unknown,2206,1616,,
unknown,2207,1675,,
unknown,2208,1759,,
unknown,2209,1856,,
unknown,2210,1963,,
unknown,2211,2067,,
unknown,2212,2160,,
unknown,2213,2229,,
unknown,2214,2277,,
unknown,2215,2306,,
unknown,2216,2302,,
unknown,2217,2262,,
unknown,2218,2198,,
unknown,2219,2112,,
unknown,2220,2020,,
unknown,2221,1923,,
unknown,2222,1835,,
unknown,2223,1756,,
unknown,2224,1711,,
unknown,2225,1694,,
unknown,2226,1708,,
unknown,2227,1751,,
unknown,2228,1810,,
unknown,2229,1890,,
unknown,2230,1984,,
unknown,2231,2083,,
unknown,2232,2162,,
unknown,2233,2223,,
unknown,2234,2256,,
unknown,2235,2266,,
unknown,2236,2246,,
unknown,2237,2191,,
unknown,2238,2107,,
unknown,2239,1995,,
unknown,2240,1872,,
unknown,2241,1744,,
unknown,2242,1622,,
unknown,2243,1520,,
unknown,2244,1447,,
unknown,2245,1418,,
unknown,2246,1424,,
unknown,2247,1459,,
unknown,2248,1530,,
unknown,2249,1617,,
unknown,2250,1726,,
unknown,2251,1821,,
unknown,2252,1904,,
unknown,2253,1968,,
unknown,2254,2006,,
unknown,2255,2030,,
unknown,2256,2014,,
unknown,2257,1968,,
unknown,2258,1897,,
unknown,2259,1803,,
unknown,2260,1706,,
unknown,2261,1602,,
unknown,2262,1499,,
unknown,2263,1419,,
unknown,2264,1365,,
unknown,2265,1353,,
unknown,2266,1363,,
unknown,2267,1414,,
unknown,2268,1486,,
unknown,2269,1579,,
unknown,2270,1679,,
unknown,2271,1787,,
unknown,2272,1874,,
unknown,2273,1945,,
unknown,2274,1995,,
unknown,2275,2016,,
unknown,2276,2009,,
unknown,2277,1968,,
unknown,2278,1902,,
unknown,2279,1811,,
unknown,2280,1707,,
unknown,2281,1597,,
unknown,2282,1483,,
unknown,2283,1397,,
unknown,2284,1335,,
unknown,2285,1317,,
unknown,2286,1328,,
unknown,2287,1375,,
unknown,2288,1449,,
unknown,2289,1535,,
unknown,2290,1650,,
unknown,2291,1751,,
unknown,2292,1841,,
unknown,2293,1912,,
unknown,2294,1956,,
unknown,2295,1981,,
unknown,2296,1968,,
unknown,2297,1927,,
unknown,2298,1855,,
unknown,2299,1763,,
unknown,2300,1674,,
unknown,2301,1573,,
unknown,2302,1470,,
unknown,2303,1395,,
unknown,2304,1347,,
unknown,2305,1335,,
unknown,2306,1348,,
unknown,2307,1402,,
unknown,2308,1471,,
unknown,2309,1566,,
unknown,2310,1658,,
unknown,2311,1763,,
unknown,2312,1846,,
unknown,2313,1910,,
unknown,2314,1958,,
unknown,2315,1978,,
unknown,2316,1965,,
unknown,2317,1921,,
unknown,2318,1858,,
unknown,2319,1766,,
unknown,2320,1659,,
unknown,2321,1535,,
unknown,2322,1430,,
unknown,2323,1339,,
unknown,2324,1271,,
unknown,2325,1239,,
unknown,2326,1242,,
unknown,2327,1266,,
unknown,2328,1326,,
unknown,2329,1399,,
unknown,2330,1493,,
unknown,2331,1598,,
unknown,2332,1680,,
unknown,2333,1757,,
unknown,2334,1814,,
unknown,2335,1855,,
unknown,2336,1869,,
unknown,2337,1857,,
unknown,2338,1825,,
unknown,2339,1778,,
unknown,2340,1738,,
unknown,2341,1697,,
unknown,2342,1665,,
unknown,2343,1657,,
unknown,2344,1686,,
unknown,2345,1761,,
unknown,2346,1877,,
unknown,2347,2034,,
unknown,2348,2224,,
unknown,2349,2421,,
unknown,2350,2633,,
unknown,2351,2852,,
unknown,2352,3057,,
unknown,2353,3263,,
unknown,2354,3450,,
unknown,2355,3602,,
unknown,2356,3698,,
unknown,2357,3717,,
unknown,2358,3676,,
unknown,2359,3555,,
unknown,2360,3394,,
unknown,2361,3201,,
unknown,2362,2992,,
unknown,2363,2801,,
unknown,2364,2641,,
unknown,2365,2505,,
unknown,2366,2411,,
unknown,2367,2351,,
unknown,2368,2323,,
unknown,2369,2325,,
unknown,2370,2357,,
unknown,2371,2379,,
unknown,2372,2389,,
unknown,2373,2373,,
unknown,2374,2323,,
unknown,2375,2241,,
unknown,2376,2114,,
unknown,2377,1950,,
unknown,2378,1749,,
unknown,2379,1529,,
unknown,2380,1318,,
unknown,2381,1113,,
unknown,2382,922,,
unknown,2383,763,,
unknown,2384,656,,
unknown,2385,602,,
unknown,2386,596,,
unknown,2387,641,,
unknown,2388,721,,
unknown,2389,847,,
unknown,2390,987,,
unknown,2391,1149,,
unknown,2392,1299,,
unknown,2393,1444,,
unknown,2394,1570,,
unknown,2395,1663,,
unknown,2396,1721,,
unknown,2397,1742,,
unknown,2398,1731,,
unknown,2399,1694,,
unknown,2400,1643,,
unknown,2401,1577,,
unknown,2402,1503,,
unknown,2403,1455,,
unknown,2404,1424,,
unknown,2405,1427,,
unknown,2406,1457,,
unknown,2407,1511,,
unknown,2408,1584,,
unknown,2409,1665,,
unknown,2410,1761,,
unknown,2411,1843,,
unknown,2412,1911,,
unknown,2413,1959,,
unknown,2414,1985,,
unknown,2415,1987,,
unknown,2416,1965,,
unknown,2417,1913,,
unknown,2418,1841,,
unknown,2419,1751,,
unknown,2420,1661,,
unknown,2421,1582,,
unknown,2422,1495,,
unknown,2423,1433,,
unknown,2424,1405,,
unknown,2425,1407,,
unknown,2426,1440,,
unknown,2427,1501,,
unknown,2428,1584,,
unknown,2429,1680,,
unknown,2430,1775,,
unknown,2431,1866,,
unknown,2432,1936,,
unknown,2433,1991,,
unknown,2434,2031,,
unknown,2435,2038,,
unknown,2436,2018,,
unknown,2437,1970,,
unknown,2438,1901,,
unknown,2439,1812,,
unknown,2440,1721,,
unknown,2441,1619,,
unknown,2442,1531,,
unknown,2443,1467,,
unknown,2444,1429,,
unknown,2445,1437,,
unknown,2446,1472,,
unknown,2447,1535,,
unknown,2448,1623,,
unknown,2449,1715,,
unknown,2450,1824,,
unknown,2451,1922,,
unknown,2452,2000,,
unknown,2453,2064,,
unknown,2454,2097,,
unknown,2455,2108,,
unknown,2456,2086,,
unknown,2457,2033,,
unknown,2458,1964,,
unknown,2459,1870,,
unknown,2460,1769,,
unknown,2461,1674,,
unknown,2462,1585,,
unknown,2463,1509,,
unknown,2464,1473,,
unknown,2465,1471,,
unknown,2466,1501,,
unknown,2467,1565,,
unknown,2468,1646,,
unknown,2469,1739,,
unknown,2470,1835,,
unknown,2471,1921,,
unknown,2472,1999,,
unknown,2473,2061,,
unknown,2474,2096,,
unknown,2475,2106,,
unknown,2476,2094,,
unknown,2477,2043,,
unknown,2478,1982,,
unknown,2479,1902,,
unknown,2480,1815,,
unknown,2481,1724,,
unknown,2482,1637,,
unknown,2483,1574,,
unknown,2484,1535,,
unknown,2485,1535,,
unknown,2486,1577,,
unknown,2487,1630,,
unknown,2488,1709,,
unknown,2489,1795,,
unknown,2490,1902,,
unknown,2491,1997,,
unknown,2492,2083,,
unknown,2493,2146,,
unknown,2494,2183,,
unknown,2495,2193,,
unknown,2496,2175,,
unknown,2497,2133,,
unknown,2498,2064,,
unknown,2499,1970,,
unknown,2500,1873,,
unknown,2501,1778,,
unknown,2502,1692,,
unknown,2503,1620,,
unknown,2504,1589,,
unknown,2505,1586,,
unknown,2506,1618,,
unknown,2507,1673,,
unknown,2508,1751,,
unknown,2509,1843,,
unknown,2510,1941,,
unknown,2511,2031,,
unknown,2512,2109,,
unknown,2513,2163,,
unknown,2514,2199,,
unknown,2515,2213,,
unknown,2516,2198,,
unknown,2517,2151,,
unknown,2518,2083,,
unknown,2519,1991,,
unknown,2520,1906,,
unknown,2521,1812,,
unknown,2522,1734,,
unknown,2523,1674,,
unknown,2524,1643,,
unknown,2525,1643,,
unknown,2526,1674,,
unknown,2527,1730,,
unknown,2528,1808,,
unknown,2529,1895,,
unknown,2530,2000,,
unknown,2531,2098,,
unknown,2532,2176,,
unknown,2533,2233,,
unknown,2534,2272,,
unknown,2535,2285,,
unknown,2536,2257,,
unknown,2537,2214,,
unknown,2538,2131,,
unknown,2539,2035,,
unknown,2540,1933,,
unknown,2541,1829,,
unknown,2542,1738,,
unknown,2543,1669,,
unknown,2544,1635,,
unknown,2545,1634,,
unknown,2546,1665,,
unknown,2547,1725,,
unknown,2548,1802,,
unknown,2549,1895,,
unknown,2550,1989,,
unknown,2551,2081,,
unknown,2552,2152,,
unknown,2553,2204,,
unknown,2554,2234,,
unknown,2555,2240,,
unknown,2556,2221,,
unknown,2557,2164,,
unknown,2558,2096,,
unknown,2559,1995,,
unknown,2560,1909,,
unknown,2561,1813,,
unknown,2562,1728,,
unknown,2563,1658,,
unknown,2564,1619,,
unknown,2565,1617,,
unknown,2566,1648,,
unknown,2567,1706,,
unknown,2568,1779,,
unknown,2569,1862,,
unknown,2570,1963,,
unknown,2571,2054,,
unknown,2572,2127,,
unknown,2573,2175,,
unknown,2574,2203,,
unknown,2575,2203,,
unknown,2576,2174,,
unknown,2577,2114,,
unknown,2578,2026,,
unknown,2579,1931,,
unknown,2580,1821,,
unknown,2581,1712,,
unknown,2582,1616,,
unknown,2583,1533,,
unknown,2584,1496,,
unknown,2585,1491,,
unknown,2586,1525,,
unknown,2587,1586,,
unknown,2588,1663,,
unknown,2589,1759,,
unknown,2590,1856,,
unknown,2591,1945,,
unknown,2592,2016,,
unknown,2593,2074,,
unknown,2594,2103,,
unknown,2595,2107,,
unknown,2596,2081,,
unknown,2597,2014,,
unknown,2598,1936,,
unknown,2599,1839,,
unknown,2600,1743,,
unknown,2601,1647,,
unknown,2602,1556,,
unknown,2603,1488,,
unknown,2604,1456,,
unknown,2605,1461,,
unknown,2606,1491,,
unknown,2607,1555,,
unknown,2608,1634,,
unknown,2609,1721,,
unknown,2610,1819,,
unknown,2611,1911,,
unknown,2612,1985,,
unknown,2613,2033,,
unknown,2614,2075,,
unknown,2615,2070,,
unknown,2616,2035,,
unknown,2617,1982,,
unknown,2618,1898,,
unknown,2619,1806,,
unknown,2620,1694,,
unknown,2621,1593,,
unknown,2622,1497,,
unknown,2623,1434,,
unknown,2624,1407,,
unknown,2625,1408,,
unknown,2626,1446,,
unknown,2627,1507,,
unknown,2628,1600,,
unknown,2629,1697,,
unknown,2630,1806,,
unknown,2631,1898,,
unknown,2632,1973,,
unknown,2633,2032,,
unknown,2634,2064,,
unknown,2635,2064,,
unknown,2636,2035,,
unknown,2637,1978,,
unknown,2638,1902,,
unknown,2639,1806,,
unknown,2640,1712,,
unknown,2641,1618,,
unknown,2642,1532,,
unknown,2643,1470,,
unknown,2644,1442,,
unknown,2645,1449,,
unknown,2646,1483,,
unknown,2647,1535,,
unknown,2648,1632,,
unknown,2649,1722,,
unknown,2650,1816,,
unknown,2651,1904,,
unknown,2652,1971,,
unknown,2653,2019,,
unknown,2654,2055,,
unknown,2655,2058,,
unknown,2656,2023,,
unknown,2657,1969,,
unknown,2658,1891,,
unknown,2659,1806,,
unknown,2660,1701,,
unknown,2661,1600,,
unknown,2662,1510,,
unknown,2663,1446,,
unknown,2664,1413,,
unknown,2665,1421,,
unknown,2666,1459,,
unknown,2667,1522,,
unknown,2668,1615,,
unknown,2669,1715,,
unknown,2670,1823,,
unknown,2671,1920,,
unknown,2672,1995,,
unknown,2673,2054,,
unknown,2674,2085,,
unknown,2675,2090,,
unknown,2676,2062,,
unknown,2677,1999,,
unknown,2678,1908,,
unknown,2679,1802,,
unknown,2680,1707,,
unknown,2681,1605,,
unknown,2682,1517,,
unknown,2683,1456,,
unknown,2684,1425,,
unknown,2685,1435,,
unknown,2686,1474,,
unknown,2687,1535,,
unknown,2688,1641,,
unknown,2689,1735,,
unknown,2690,1840,,
unknown,2691,1931,,
unknown,2692,2001,,
unknown,2693,2058,,
unknown,2694,2090,,
unknown,2695,2093,,
unknown,2696,2061,,
unknown,2697,2002,,
unknown,2698,1923,,
unknown,2699,1835,,
unknown,2700,1729,,
unknown,2701,1629,,
unknown,2702,1535,,
unknown,2703,1474,,
unknown,2704,1450,,
unknown,2705,1456,,
unknown,2706,1494,,
unknown,2707,1565,,
unknown,2708,1649,,
unknown,2709,1750,,
unknown,2710,1856,,
unknown,2711,1946,,
unknown,2712,2015,,
unknown,2713,2077,,
unknown,2714,2099,,
unknown,2715,2103,,
unknown,2716,2075,,
unknown,2717,2012,,
unknown,2718,1936,,
unknown,2719,1837,,
unknown,2720,1746,,
unknown,2721,1654,,
unknown,2722,1572,,
unknown,2723,1510,,
unknown,2724,1487,,
unknown,2725,1492,,
unknown,2726,1526,,
unknown,2727,1600,,
unknown,2728,1680,,
unknown,2729,1774,,
unknown,2730,1866,,
unknown,2731,1949,,
unknown,2732,2015,,
unknown,2733,2064,,
unknown,2734,2091,,
unknown,2735,2082,,
unknown,2736,2042,,
unknown,2737,1983,,
unknown,2738,1904,,
unknown,2739,1815,,
unknown,2740,1712,,
unknown,2741,1616,,
unknown,2742,1529,,
unknown,2743,1475,,
unknown,2744,1456,,
unknown,2745,1473,,
unknown,2746,1515,,
unknown,2747,1586,,
unknown,2748,1671,,
unknown,2749,1773,,
unknown,2750,1877,,
unknown,2751,1970,,
unknown,2752,2041,,
unknown,2753,2096,,
unknown,2754,2118,,
unknown,2755,2115,,
unknown,2756,2080,,
unknown,2757,2015,,
unknown,2758,1932,,
unknown,2759,1829,,
unknown,2760,1731,,
unknown,2761,1634,,
unknown,2762,1535,,
unknown,2763,1488,,
unknown,2764,1465,,
unknown,2765,1478,,
unknown,2766,1519,,
unknown,2767,1594,,
unknown,2768,1680,,
unknown,2769,1776,,
unknown,2770,1872,,
unknown,2771,1955,,
unknown,2772,2020,,
unknown,2773,2069,,
unknown,2774,2093,,
unknown,2775,2091,,
unknown,2776,2055,,
unknown,2777,1993,,
unknown,2778,1910,,
unknown,2779,1823,,
unknown,2780,1722,,
unknown,2781,1630,,
unknown,2782,1535,,
unknown,2783,1488,,
unknown,2784,1466,,
unknown,2785,1479,,
unknown,2786,1521,,
unknown,2787,1591,,
unknown,2788,1677,,
unknown,2789,1776,,
unknown,2790,1879,,
unknown,2791,1971,,
unknown,2792,2041,,
unknown,2793,2096,,
unknown,2794,2122,,
unknown,2795,2113,,
unknown,2796,2081,,
unknown,2797,2016,,
unknown,2798,1931,,
unknown,2799,1834,,
unknown,2800,1731,,
unknown,2801,1633,,
unknown,2802,1535,,
unknown,2803,1488,,
unknown,2804,1465,,
unknown,2805,1474,,
unknown,2806,1515,,
unknown,2807,1589,,
unknown,2808,1677,,
unknown,2809,1775,,
unknown,2810,1867,,
unknown,2811,1946,,
unknown,2812,2015,,
unknown,2813,2064,,
unknown,2814,2086,,
unknown,2815,2080,,
unknown,2816,2035,,
unknown,2817,1973,,
unknown,2818,1885,,
unknown,2819,1797,,
unknown,2820,1698,,
unknown,2821,1601,,
unknown,2822,1515,,
unknown,2823,1459,,
unknown,2824,1440,,
unknown,2825,1453,,
unknown,2826,1498,,
unknown,2827,1567,,
unknown,2828,1651,,
unknown,2829,1751,,
unknown,2830,1858,,
unknown,2831,1951,,
unknown,2832,2023,,
unknown,2833,2077,,
unknown,2834,2098,,
unknown,2835,2095,,
unknown,2836,2060,,
unknown,2837,1989,,
unknown,2838,1904,,
unknown,2839,1802,,
unknown,2840,1699,,
unknown,2841,1603,,
unknown,2842,1518,,
unknown,2843,1461,,
unknown,2844,1443,,
unknown,2845,1458,,
unknown,2846,1506,,
unknown,2847,1584,,
unknown,2848,1670,,
unknown,2849,1776,,
unknown,2850,1872,,
unknown,2851,1955,,
unknown,2852,2025,,
unknown,2853,2074,,
unknown,2854,2093,,
unknown,2855,2085,,
unknown,2856,2043,,
unknown,2857,1974,,
unknown,2858,1886,,
unknown,2859,1794,,
unknown,2860,1696,,
unknown,2861,1600,,
unknown,2862,1514,,
unknown,2863,1461,,
unknown,2864,1445,,
unknown,2865,1461,,
unknown,2866,1512,,
unknown,2867,1584,,
unknown,2868,1677,,
unknown,2869,1775,,
unknown,2870,1883,,
unknown,2871,1972,,
unknown,2872,2045,,
unknown,2873,2096,,
unknown,2874,2115,,
unknown,2875,2106,,
unknown,2876,2067,,
unknown,2877,1993,,
unknown,2878,1903,,
unknown,2879,1794,,
unknown,2880,1687,,
unknown,2881,1583,,
unknown,2882,1491,,
unknown,2883,1437,,
unknown,2884,1422,,
unknown,2885,1440,,
unknown,2886,1488,,
unknown,2887,1569,,
unknown,2888,1662,,
unknown,2889,1769,,
unknown,2890,1870,,
unknown,2891,1953,,
unknown,2892,2019,,
unknown,2893,2066,,
unknown,2894,2091,,
unknown,2895,2085,,
unknown,2896,2042,,
unknown,2897,1975,,
unknown,2898,1888,,
unknown,2899,1798,,
unknown,2900,1708,,
unknown,2901,1615,,
unknown,2902,1531,,
unknown,2903,1485,,
unknown,2904,1472,,
unknown,2905,1490,,
unknown,2906,1535,,
unknown,2907,1615,,
unknown,2908,1703,,
unknown,2909,1792,,
unknown,2910,1898,,
unknown,2911,1984,,
unknown,2912,2055,,
unknown,2913,2096,,
unknown,2914,2114,,
unknown,2915,2105,,
unknown,2916,2064,,
unknown,2917,1986,,
unknown,2918,1902,,
unknown,2919,1795,,
unknown,2920,1689,,
unknown,2921,1585,,
unknown,2922,1495,,
unknown,2923,1445,,
unknown,2924,1435,,
unknown,2925,1456,,
unknown,2926,1506,,
unknown,2927,1586,,
unknown,2928,1678,,
unknown,2929,1783,,
unknown,2930,1885,,
unknown,2931,1968,,
unknown,2932,2039,,
unknown,2933,2087,,
unknown,2934,2107,,
unknown,2935,2096,,
unknown,2936,2053,,
unknown,2937,1979,,
unknown,2938,1887,,
unknown,2939,1796,,
unknown,2940,1701,,
unknown,2941,1614,,
unknown,2942,1531,,
unknown,2943,1487,,
unknown,2944,1476,,
unknown,2945,1493,,
unknown,2946,1535,,
unknown,2947,1626,,
unknown,2948,1717,,
unknown,2949,1821,,
unknown,2950,1926,,
unknown,2951,2017,,
unknown,2952,2094,,
unknown,2953,2138,,
unknown,2954,2160,,
unknown,2955,2155,,
unknown,2956,2116,,
unknown,2957,2054,,
unknown,2958,1965,,
unknown,2959,1872,,
unknown,2960,1771,,
unknown,2961,1678,,
unknown,2962,1605,,
unknown,2963,1561,,
unknown,2964,1553,,
unknown,2965,1583,,
unknown,2966,1632,,
unknown,2967,1712,,
unknown,2968,1807,,
unknown,2969,1911,,
unknown,2970,2010,,
unknown,2971,2096,,
unknown,2972,2160,,
unknown,2973,2194,,
unknown,2974,2212,,
unknown,2975,2198,,
unknown,2976,2159,,
unknown,2977,2091,,
unknown,2978,1999,,
unknown,2979,1909,,
unknown,2980,1821,,
unknown,2981,1742,,
unknown,2982,1677,,
unknown,2983,1646,,
unknown,2984,1647,,
unknown,2985,1680,,
unknown,2986,1746,,
unknown,2987,1829,,
unknown,2988,1927,,
unknown,2989,2023,,
unknown,2990,2128,,
unknown,2991,2210,,
unknown,2992,2278,,
unknown,2993,2322,,
unknown,2994,2341,,
unknown,2995,2331,,
unknown,2996,2289,,
unknown,2997,2224,,
unknown,2998,2138,,
unknown,2999,2045,,
unknown,3000,1947,,
unknown,3001,1856,,
unknown,3002,1781,,
unknown,3003,1741,,
unknown,3004,1732,,
unknown,3005,1756,,
unknown,3006,1805,,
unknown,3007,1871,,
unknown,3008,1952,,
unknown,3009,2051,,
unknown,3010,2138,,
unknown,3011,2209,,
unknown,3012,2256,,
unknown,3013,2285,,
unknown,3014,2283,,
unknown,3015,2244,,
unknown,3016,2187,,
unknown,3017,2094,,
unknown,3018,1982,,
unknown,3019,1872,,
unknown,3020,1759,,
unknown,3021,1653,,
unknown,3022,1567,,
unknown,3023,1506,,
unknown,3024,1485,,
unknown,3025,1498,,
unknown,3026,1535,,
unknown,3027,1617,,
unknown,3028,1707,,
unknown,3029,1790,,
unknown,3030,1877,,
unknown,3031,1945,,
unknown,3032,2000,,
unknown,3033,2032,,
unknown,3034,2038,,
unknown,3035,2022,,
unknown,3036,1971,,
unknown,3037,1903,,
unknown,3038,1809,,
unknown,3039,1717,,
unknown,3040,1616,,
unknown,3041,1520,,
unknown,3042,1453,,
unknown,3043,1411,,
unknown,3044,1407,,
unknown,3045,1433,,
unknown,3046,1488,,
unknown,3047,1575,,
unknown,3048,1664,,
unknown,3049,1770,,
unknown,3050,1865,,
unknown,3051,1943,,
unknown,3052,2003,,
unknown,3053,2042,,
unknown,3054,2058,,
unknown,3055,2028,,
unknown,3056,1978,,
unknown,3057,1901,,
unknown,3058,1807,,
unknown,3059,1706,,
unknown,3060,1605,,
unknown,3061,1511,,
unknown,3062,1440,,
unknown,3063,1397,,
unknown,3064,1392,,
unknown,3065,1419,,
unknown,3066,1471,,
unknown,3067,1535,,
unknown,3068,1646,,
unknown,3069,1737,,
unknown,3070,1827,,
unknown,3071,1901,,
unknown,3072,1954,,
unknown,3073,1986,,
unknown,3074,2000,,
unknown,3075,1981,,
unknown,3076,1932,,
unknown,3077,1857,,
unknown,3078,1771,,
unknown,3079,1684,,
unknown,3080,1591,,
unknown,3081,1495,,
unknown,3082,1429,,
unknown,3083,1391,,
unknown,3084,1392,,
unknown,3085,1419,,
unknown,3086,1472,,
unknown,3087,1535,,
unknown,3088,1642,,
unknown,3089,1744,,
unknown,3090,1840,,
unknown,3091,1922,,
unknown,3092,1979,,
unknown,3093,2011,,
unknown,3094,2017,,
unknown,3095,1991,,
unknown,3096,1939,,
unknown,3097,1856,,
unknown,3098,1761,,
unknown,3099,1653,,
unknown,3100,1535,,
unknown,3101,1446,,
unknown,3102,1360,,
unknown,3103,1310,,
unknown,3104,1294,,
unknown,3105,1301,,
unknown,3106,1338,,
unknown,3107,1403,,
unknown,3108,1488,,
unknown,3109,1585,,
unknown,3110,1679,,
unknown,3111,1761,,
unknown,3112,1830,,
unknown,3113,1885,,
unknown,3114,1918,,
unknown,3115,1931,,
unknown,3116,1917,,
unknown,3117,1883,,
unknown,3118,1841,,
unknown,3119,1809,,
unknown,3120,1776,,
unknown,3121,1753,,
unknown,3122,1762,,
unknown,3123,1809,,
unknown,3124,1908,,
unknown,3125,2054,,
unknown,3126,2222,,
unknown,3127,2415,,
unknown,3128,2625,,
unknown,3129,2853,,
unknown,3130,3092,,
unknown,3131,3337,,
unknown,3132,3565,,
unknown,3133,3773,,
unknown,3134,3926,,
unknown,3135,3991,,
unknown,3136,3973,,
unknown,3137,3855,,
unknown,3138,3666,,
unknown,3139,3415,,
unknown,3140,3168,,
unknown,3141,2927,,
unknown,3142,2715,,
unknown,3143,2538,,
unknown,3144,2402,,
unknown,3145,2311,,
unknown,3146,2256,,
unknown,3147,2245,,
unknown,3148,2256,,
unknown,3149,2283,,
unknown,3150,2294,,
unknown,3151,2295,,
unknown,3152,2271,,
unknown,3153,2215,,
unknown,3154,2120,,
unknown,3155,1986,,
unknown,3156,1821,,
unknown,3157,1636,,
unknown,3158,1431,,
unknown,3159,1250,,
unknown,3160,1070,,
unknown,3161,902,,
unknown,3162,773,,
unknown,3163,693,,
unknown,3164,666,,
unknown,3165,688,,
unknown,3166,751,,
unknown,3167,849,,
unknown,3168,976,,
unknown,3169,1139,,
unknown,3170,1302,,
unknown,3171,1455,,
unknown,3172,1591,,
unknown,3173,1703,,
unknown,3174,1779,,
unknown,3175,1819,,
unknown,3176,1825,,
unknown,3177,1795,,
unknown,3178,1744,,
unknown,3179,1670,,
unknown,3180,1591,,
unknown,3181,1515,,
unknown,3182,1455,,
unknown,3183,1427,,
unknown,3184,1434,,
unknown,3185,1470,,
unknown,3186,1526,,
unknown,3187,1605,,
unknown,3188,1703,,
unknown,3189,1799,,
unknown,3190,1887,,
unknown,3191,1958,,
unknown,3192,2006,,
unknown,3193,2034,,
unknown,3194,2035,,
unknown,3195,2011,,
unknown,3196,1953,,
unknown,3197,1873,,
unknown,3198,1779,,
unknown,3199,1692,,
unknown,3200,1600,,
unknown,3201,1515,,
unknown,3202,1454,,
unknown,3203,1424,,
unknown,3204,1429,,
unknown,3205,1467,,
unknown,3206,1529,,
unknown,3207,1618,,
unknown,3208,1712,,
unknown,3209,1814,,
unknown,3210,1909,,
unknown,3211,1987,,
unknown,3212,2043,,
unknown,3213,2080,,
unknown,3214,2087,,
unknown,3215,2061,,
unknown,3216,2001,,
unknown,3217,1919,,
unknown,3218,1831,,
unknown,3219,1729,,
unknown,3220,1627,,
unknown,3221,1535,,
unknown,3222,1469,,
unknown,3223,1441,,
unknown,3224,1450,,
unknown,3225,1489,,
unknown,3226,1557,,
unknown,3227,1648,,
unknown,3228,1755,,
unknown,3229,1859,,
unknown,3230,1959,,
unknown,3231,2037,,
unknown,3232,2100,,
unknown,3233,2133,,
unknown,3234,2141,,
unknown,3235,2118,,
unknown,3236,2062,,
unknown,3237,1979,,
unknown,3238,1882,,
unknown,3239,1791,,
unknown,3240,1701,,
unknown,3241,1616,,
unknown,3242,1553,,
unknown,3243,1520,,
unknown,3244,1523,,
unknown,3245,1563,,
unknown,3246,1622,,
unknown,3247,1706,,
unknown,3248,1796,,
unknown,3249,1897,,
unknown,3250,1991,,
unknown,3251,2073,,
unknown,3252,2128,,
unknown,3253,2160,,
unknown,3254,2166,,
unknown,3255,2140,,
unknown,3256,2089,,
unknown,3257,2000,,
unknown,3258,1915,,
unknown,3259,1811,,
unknown,3260,1711,,
unknown,3261,1617,,
unknown,3262,1535,,
unknown,3263,1520,,
unknown,3264,1526,,
unknown,3265,1577,,
unknown,3266,1642,,
unknown,3267,1727,,
unknown,3268,1837,,
unknown,3269,1945,,
unknown,3270,2045,,
unknown,3271,2128,,
unknown,3272,2184,,
unknown,3273,2213,,
unknown,3274,2218,,
unknown,3275,2190,,
unknown,3276,2131,,
unknown,3277,2047,,
unknown,3278,1947,,
unknown,3279,1856,,
unknown,3280,1763,,
unknown,3281,1680,,
unknown,3282,1618,,
unknown,3283,1597,,
unknown,3284,1604,,
unknown,3285,1643,,
unknown,3286,1712,,
unknown,3287,1797,,
unknown,3288,1895,,
unknown,3289,2000,,
unknown,3290,2098,,
unknown,3291,2177,,
unknown,3292,2231,,
unknown,3293,2267,,
unknown,3294,2273,,
unknown,3295,2243,,
unknown,3296,2187,,
unknown,3297,2103,,
unknown,3298,2003,,
unknown,3299,1901,,
unknown,3300,1797,,
unknown,3301,1702,,
unknown,3302,1633,,
unknown,3303,1601,,
unknown,3304,1600,,
unknown,3305,1638,,
unknown,3306,1697,,
unknown,3307,1783,,
unknown,3308,1887,,
unknown,3309,2000,,
unknown,3310,2106,,
unknown,3311,2190,,
unknown,3312,2251,,
unknown,3313,2288,,
unknown,3314,2293,,
unknown,3315,2267,,
unknown,3316,2214,,
unknown,3317,2136,,
unknown,3318,2033,,
unknown,3319,1939,,
unknown,3320,1842,,
unknown,3321,1761,,
unknown,3322,1698,,
unknown,3323,1670,,
unknown,3324,1673,,
unknown,3325,1705,,
unknown,3326,1765,,
unknown,3327,1845,,
unknown,3328,1936,,
unknown,3329,2025,,
unknown,3330,2112,,
unknown,3331,2177,,
unknown,3332,2224,,
unknown,3333,2251,,
unknown,3334,2253,,
unknown,3335,2224,,
unknown,3336,2160,,
unknown,3337,2082,,
unknown,3338,1985,,
unknown,3339,1886,,
unknown,3340,1786,,
unknown,3341,1695,,
unknown,3342,1639,,
unknown,3343,1611,,
unknown,3344,1618,,
unknown,3345,1658,,
unknown,3346,1717,,
unknown,3347,1805,,
unknown,3348,1899,,
unknown,3349,2001,,
unknown,3350,2099,,
unknown,3351,2173,,
unknown,3352,2218,,
unknown,3353,2240,,
unknown,3354,2238,,
unknown,3355,2201,,
unknown,3356,2138,,
unknown,3357,2055,,
unknown,3358,1942,,
unknown,3359,1840,,
unknown,3360,1730,,
unknown,3361,1642,,
unknown,3362,1581,,
unknown,3363,1535,,
unknown,3364,1555,,
unknown,3365,1589,,
unknown,3366,1655,,
unknown,3367,1737,,
unknown,3368,1830,,
unknown,3369,1920,,
unknown,3370,2000,,
unknown,3371,2068,,
unknown,3372,2112,,
unknown,3373,2133,,
unknown,3374,2128,,
unknown,3375,2096,,
unknown,3376,2029,,
unknown,3377,1936,,
unknown,3378,1843,,
unknown,3379,1746,,
unknown,3380,1645,,
unknown,3381,1557,,
unknown,3382,1490,,
unknown,3383,1466,,
unknown,3384,1475,,
unknown,3385,1519,,
unknown,3386,1583,,
unknown,3387,1662,,
unknown,3388,1755,,
unknown,3389,1861,,
unknown,3390,1951,,
unknown,3391,2020,,
unknown,3392,2074,,
unknown,3393,2096,,
unknown,3394,2094,,
unknown,3395,2047,,
unknown,3396,1984,,
unknown,3397,1895,,
unknown,3398,1793,,
unknown,3399,1687,,
unknown,3400,1584,,
unknown,3401,1488,,
unknown,3402,1428,,
unknown,3403,1408,,
unknown,3404,1421,,
unknown,3405,1462,,
unknown,3406,1535,,
unknown,3407,1630,,
unknown,3408,1739,,
unknown,3409,1840,,
unknown,3410,1930,,
unknown,3411,1993,,
unknown,3412,2046,,
unknown,3413,2078,,
unknown,3414,2073,,
unknown,3415,2034,,
unknown,3416,1966,,
unknown,3417,1881,,
unknown,3418,1787,,
unknown,3419,1686,,
unknown,3420,1593,,
unknown,3421,1504,,
unknown,3422,1448,,
unknown,3423,1425,,
unknown,3424,1435,,
unknown,3425,1476,,
unknown,3426,1535,,
unknown,3427,1637,,
unknown,3428,1735,,
unknown,3429,1841,,
unknown,3430,1935,,
unknown,3431,2005,,
unknown,3432,2061,,
unknown,3433,2083,,
unknown,3434,2071,,
unknown,3435,2032,,
unknown,3436,1968,,
unknown,3437,1878,,
unknown,3438,1776,,
unknown,3439,1667,,
unknown,3440,1562,,
unknown,3441,1466,,
unknown,3442,1407,,
unknown,3443,1388,,
unknown,3444,1397,,
unknown,3445,1442,,
unknown,3446,1520,,
unknown,3447,1616,,
unknown,3448,1729,,
unknown,3449,1833,,
unknown,3450,1925,,
unknown,3451,1997,,
unknown,3452,2047,,
unknown,3453,2079,,
unknown,3454,2070,,
unknown,3455,2032,,
unknown,3456,1962,,
unknown,3457,1872,,
unknown,3458,1776,,
unknown,3459,1680,,
unknown,3460,1586,,
unknown,3461,1503,,
unknown,3462,1455,,
unknown,3463,1437,,
unknown,3464,1459,,
unknown,3465,1510,,
unknown,3466,1586,,
unknown,3467,1679,,
unknown,3468,1771,,
unknown,3469,1872,,
unknown,3470,1962,,
unknown,3471,2032,,
unknown,3472,2078,,
unknown,3473,2096,,
unknown,3474,2087,,
unknown,3475,2039,,
unknown,3476,1979,,
unknown,3477,1889,,
unknown,3478,1787,,
unknown,3479,1679,,
unknown,3480,1574,,
unknown,3481,1485,,
unknown,3482,1429,,
unknown,3483,1413,,
unknown,3484,1431,,
unknown,3485,1482,,
unknown,3486,1566,,
unknown,3487,1658,,
unknown,3488,1767,,
unknown,3489,1872,,
unknown,3490,1959,,
unknown,3491,2032,,
unknown,3492,2085,,
unknown,3493,2108,,
unknown,3494,2097,,
unknown,3495,2055,,
unknown,3496,1979,,
unknown,3497,1892,,
unknown,3498,1796,,
unknown,3499,1705,,
unknown,3500,1610,,
unknown,3501,1523,,
unknown,3502,1475,,
unknown,3503,1458,,
unknown,3504,1475,,
unknown,3505,1525,,
unknown,3506,1600,,
unknown,3507,1686,,
unknown,3508,1784,,
unknown,3509,1883,,
unknown,3510,1968,,
unknown,3511,2033,,
unknown,3512,2082,,
unknown,3513,2101,,
unknown,3514,2096,,
unknown,3515,2046,,
unknown,3516,1979,,
unknown,3517,1891,,
unknown,3518,1794,,
unknown,3519,1682,,
unknown,3520,1584,,
unknown,3521,1492,,
unknown,3522,1440,,
unknown,3523,1425,,
unknown,3524,1443,,
unknown,3525,1494,,
unknown,3526,1578,,
unknown,3527,1669,,
unknown,3528,1783,,
unknown,3529,1890,,
unknown,3530,1982,,
unknown,3531,2046,,
unknown,3532,2099,,
unknown,3533,2122,,
unknown,3534,2111,,
unknown,3535,2070,,
unknown,3536,1998,,
unknown,3537,1906,,
unknown,3538,1808,,
unknown,3539,1712,,
unknown,3540,1616,,
unknown,3541,1533,,
unknown,3542,1482,,
unknown,3543,1466,,
unknown,3544,1486,,
unknown,3545,1533,,
unknown,3546,1606,,
unknown,3547,1695,,
unknown,3548,1782,,
unknown,3549,1872,,
unknown,3550,1949,,
unknown,3551,2014,,
unknown,3552,2058,,
unknown,3553,2074,,
unknown,3554,2064,,
unknown,3555,2019,,
unknown,3556,1957,,
unknown,3557,1871,,
unknown,3558,1783,,
unknown,3559,1686,,
unknown,3560,1595,,
unknown,3561,1514,,
unknown,3562,1466,,
unknown,3563,1456,,
unknown,3564,1474,,
unknown,3565,1523,,
unknown,3566,1605,,
unknown,3567,1687,,
unknown,3568,1797,,
unknown,3569,1893,,
unknown,3570,1975,,
unknown,3571,2038,,
unknown,3572,2085,,
unknown,3573,2102,,
unknown,3574,2090,,
unknown,3575,2042,,
unknown,3576,1971,,
unknown,3577,1885,,
unknown,3578,1786,,
unknown,3579,1693,,
unknown,3580,1605,,
unknown,3581,1525,,
unknown,3582,1483,,
unknown,3583,1471,,
unknown,3584,1493,,
unknown,3585,1535,,
unknown,3586,1618,,
unknown,3587,1709,,
unknown,3588,1799,,
unknown,3589,1886,,
unknown,3590,1959,,
unknown,3591,2015,,
unknown,3592,2059,,
unknown,3593,2069,,
unknown,3594,2055,,
unknown,3595,2002,,
unknown,3596,1936,,
unknown,3597,1846,,
unknown,3598,1759,,
unknown,3599,1658,,
unknown,3600,1565,,
unknown,3601,1483,,
unknown,3602,1441,,
unknown,3603,1427,,
unknown,3604,1453,,
unknown,3605,1505,,
unknown,3606,1584,,
unknown,3607,1670,,
unknown,3608,1779,,
unknown,3609,1885,,
unknown,3610,1970,,
unknown,3611,2038,,
unknown,3612,2090,,
unknown,3613,2103,,
unknown,3614,2093,,
unknown,3615,2045,,
unknown,3616,1971,,
unknown,3617,1884,,
unknown,3618,1780,,
unknown,3619,1680,,
unknown,3620,1579,,
unknown,3621,1493,,
unknown,3622,1446,,
unknown,3623,1429,,
unknown,3624,1450,,
unknown,3625,1497,,
unknown,3626,1575,,
unknown,3627,1665,,
unknown,3628,1762,,
unknown,3629,1851,,
unknown,3630,1926,,
unknown,3631,1989,,
unknown,3632,2029,,
unknown,3633,2042,,
unknown,3634,2032,,
unknown,3635,1984,,
unknown,3636,1919,,
unknown,3637,1829,,
unknown,3638,1746,,
unknown,3639,1657,,
unknown,3640,1573,,
unknown,3641,1495,,
unknown,3642,1456,,
unknown,3643,1449,,
unknown,3644,1471,,
unknown,3645,1520,,
unknown,3646,1595,,
unknown,3647,1678,,
unknown,3648,1775,,
unknown,3649,1870,,
unknown,3650,1950,,
unknown,3651,2005,,
unknown,3652,2046,,
unknown,3653,2063,,
unknown,3654,2039,,
unknown,3655,1998,,
unknown,3656,1923,,
unknown,3657,1836,,
unknown,3658,1730,,
unknown,3659,1626,,
unknown,3660,1527,,
unknown,3661,1456,,
unknown,3662,1417,,
unknown,3663,1410,,
unknown,3664,1441,,
unknown,3665,1499,,
unknown,3666,1584,,
unknown,3667,1680,,
unknown,3668,1783,,
unknown,3669,1877,,
unknown,3670,1957,,
unknown,3671,2016,,
unknown,3672,2059,,
unknown,3673,2070,,
unknown,3674,2055,,
unknown,3675,2000,,
unknown,3676,1926,,
unknown,3677,1831,,
unknown,3678,1745,,
unknown,3679,1653,,
unknown,3680,1567,,
unknown,3681,1491,,
unknown,3682,1456,,
unknown,3683,1450,,
unknown,3684,1477,,
unknown,3685,1527,,
unknown,3686,1605,,
unknown,3687,1688,,
unknown,3688,1778,,
unknown,3689,1871,,
unknown,3690,1947,,
unknown,3691,2000,,
unknown,3692,2042,,
unknown,3693,2062,,
unknown,3694,2039,,
unknown,3695,2000,,
unknown,3696,1927,,
unknown,3697,1841,,
unknown,3698,1744,,
unknown,3699,1637,,
unknown,3700,1535,,
unknown,3701,1465,,
unknown,3702,1423,,
unknown,3703,1411,,
unknown,3704,1438,,
unknown,3705,1489,,
unknown,3706,1578,,
unknown,3707,1674,,
unknown,3708,1777,,
unknown,3709,1875,,
unknown,3710,1962,,
unknown,3711,2030,,
unknown,3712,2073,,
unknown,3713,2095,,
unknown,3714,2079,,
unknown,3715,2031,,
unknown,3716,1968,,
unknown,3717,1878,,
unknown,3718,1791,,
unknown,3719,1695,,
unknown,3720,1613,,
unknown,3721,1535,,
unknown,3722,1506,,
unknown,3723,1509,,
unknown,3724,1535,,
unknown,3725,1610,,
unknown,3726,1690,,
unknown,3727,1789,,
unknown,3728,1887,,
unknown,3729,1985,,
unknown,3730,2073,,
unknown,3731,2135,,
unknown,3732,2173,,
unknown,3733,2179,,
unknown,3734,2153,,
unknown,3735,2099,,
unknown,3736,2015,,
unknown,3737,1921,,
unknown,3738,1819,,
unknown,3739,1715,,
unknown,3740,1623,,
unknown,3741,1557,,
unknown,3742,1520,,
unknown,3743,1527,,
unknown,3744,1575,,
unknown,3745,1639,,
unknown,3746,1731,,
unknown,3747,1838,,
unknown,3748,1956,,
unknown,3749,2067,,
unknown,3750,2160,,
unknown,3751,2224,,
unknown,3752,2275,,
unknown,3753,2304,,
unknown,3754,2291,,
unknown,3755,2256,,
unknown,3756,2192,,
unknown,3757,2106,,
unknown,3758,2018,,
unknown,3759,1926,,
unknown,3760,1841,,
unknown,3761,1776,,
unknown,3762,1744,,
unknown,3763,1744,,
unknown,3764,1770,,
unknown,3765,1824,,
unknown,3766,1897,,
unknown,3767,1983,,
unknown,3768,2071,,
unknown,3769,2160,,
unknown,3770,2225,,
unknown,3771,2273,,
unknown,3772,2293,,
unknown,3773,2291,,
unknown,3774,2258,,
unknown,3775,2193,,
unknown,3776,2111,,
unknown,3777,2001,,
unknown,3778,1890,,
unknown,3779,1776,,
unknown,3780,1667,,
unknown,3781,1584,,
unknown,3782,1526,,
unknown,3783,1509,,
unknown,3784,1525,,
unknown,3785,1575,,
unknown,3786,1641,,
unknown,3787,1719,,
unknown,3788,1820,,
unknown,3789,1913,,
unknown,3790,1984,,
unknown,3791,2038,,
unknown,3792,2070,,
unknown,3793,2079,,
unknown,3794,2046,,
unknown,3795,1999,,
unknown,3796,1920,,
unknown,3797,1821,,
unknown,3798,1727,,
unknown,3799,1626,,
unknown,3800,1529,,
unknown,3801,1457,,
unknown,3802,1414,,
unknown,3803,1408,,
unknown,3804,1429,,
unknown,3805,1487,,
unknown,3806,1565,,
unknown,3807,1658,,
unknown,3808,1749,,
unknown,3809,1840,,
unknown,3810,1915,,
unknown,3811,1968,,
unknown,3812,2002,,
unknown,3813,2013,,
unknown,3814,1991,,
unknown,3815,1940,,
unknown,3816,1868,,
unknown,3817,1779,,
unknown,3818,1686,,
unknown,3819,1589,,
unknown,3820,1493,,
unknown,3821,1428,,
unknown,3822,1392,,
unknown,3823,1392,,
unknown,3824,1422,,
unknown,3825,1474,,
unknown,3826,1557,,
unknown,3827,1647,,
unknown,3828,1753,,
unknown,3829,1849,,
unknown,3830,1925,,
unknown,3831,1983,,
unknown,3832,2014,,
unknown,3833,2017,,
unknown,3834,1989,,
unknown,3835,1939,,
unknown,3836,1861,,
unknown,3837,1763,,
unknown,3838,1660,,
unknown,3839,1557,,
unknown,3840,1461,,
unknown,3841,1395,,
unknown,3842,1361,,
unknown,3843,1361,,
unknown,3844,1394,,
unknown,3845,1457,,
unknown,3846,1535,,
unknown,3847,1646,,
unknown,3848,1744,,
unknown,3849,1831,,
unknown,3850,1904,,
unknown,3851,1958,,
unknown,3852,1988,,
unknown,3853,1990,,
unknown,3854,1967,,
unknown,3855,1909,,
unknown,3856,1830,,
unknown,3857,1734,,
unknown,3858,1642,,
unknown,3859,1535,,
unknown,3860,1442,,
unknown,3861,1378,,
unknown,3862,1342,,
unknown,3863,1341,,
unknown,3864,1366,,
unknown,3865,1414,,
unknown,3866,1482,,
unknown,3867,1559,,
unknown,3868,1655,,
unknown,3869,1737,,
unknown,3870,1799,,
unknown,3871,1850,,
unknown,3872,1883,,
unknown,3873,1893,,
unknown,3874,1874,,
unknown,3875,1840,,
unknown,3876,1787,,
unknown,3877,1723,,
unknown,3878,1649,,
unknown,3879,1586,,
unknown,3880,1535,,
unknown,3881,1521,,
unknown,3882,1535,,
unknown,3883,1611,,
unknown,3884,1712,,
unknown,3885,1844,,
unknown,3886,2002,,
unknown,3887,2199,,
unknown,3888,2405,,
unknown,3889,2621,,
unknown,3890,2823,,
unknown,3891,3014,,
unknown,3892,3195,,
unknown,3893,3351,,
unknown,3894,3467,,
unknown,3895,3515,,
unknown,3896,3520,,
unknown,3897,3477,,
unknown,3898,3419,,
unknown,3899,3324,,
unknown,3900,3216,,
unknown,3901,3104,,
unknown,3902,2994,,
unknown,3903,2905,,
unknown,3904,2819,,
unknown,3905,2747,,
unknown,3906,2688,,
unknown,3907,2643,,
unknown,3908,2624,,
unknown,3909,2606,,
unknown,3910,2585,,
unknown,3911,2546,,
unknown,3912,2498,,
unknown,3913,2427,,
unknown,3914,2321,,
unknown,3915,2189,,
unknown,3916,2019,,
unknown,3917,1840,,
unknown,3918,1642,,
unknown,3919,1438,,
unknown,3920,1249,,
unknown,3921,1097,,
unknown,3922,978,,
unknown,3923,915,,
unknown,3924,886,,
unknown,3925,897,,
unknown,3926,939,,
unknown,3927,1011,,
unknown,3928,1105,,
unknown,3929,1200,,
unknown,3930,1287,,
unknown,3931,1361,,
unknown,3932,1423,,
unknown,3933,1458,,
unknown,3934,1473,,
unknown,3935,1459,,
unknown,3936,1429,,
unknown,3937,1385,,
unknown,3938,1345,,
unknown,3939,1303,,
unknown,3940,1267,,
unknown,3941,1254,,
unknown,3942,1264,,
unknown,3943,1306,,
unknown,3944,1375,,
unknown,3945,1470,,
unknown,3946,1584,,
unknown,3947,1698,,
unknown,3948,1817,,
unknown,3949,1919,,
unknown,3950,1996,,
unknown,3951,2053,,
unknown,3952,2079,,
unknown,3953,2075,,
unknown,3954,2029,,
unknown,3955,1964,,
unknown,3956,1872,,
unknown,3957,1778,,
unknown,3958,1674,,
unknown,3959,1568,,
unknown,3960,1472,,
unknown,3961,1410,,
unknown,3962,1384,,
unknown,3963,1391,,
unknown,3964,1434,,
unknown,3965,1499,,
unknown,3966,1591,,
unknown,3967,1697,,
unknown,3968,1809,,
unknown,3969,1911,,
unknown,3970,1988,,
unknown,3971,2046,,
unknown,3972,2078,,
unknown,3973,2085,,
unknown,3974,2059,,
unknown,3975,1998,,
unknown,3976,1918,,
unknown,3977,1823,,
unknown,3978,1734,,
unknown,3979,1643,,
unknown,3980,1563,,
unknown,3981,1502,,
unknown,3982,1482,,
unknown,3983,1490,,
unknown,3984,1526,,
unknown,3985,1600,,
unknown,3986,1680,,
unknown,3987,1776,,
unknown,3988,1869,,
unknown,3989,1946,,
unknown,3990,2013,,
unknown,3991,2064,,
unknown,3992,2094,,
unknown,3993,2094,,
unknown,3994,2065,,
unknown,3995,2002,,
unknown,3996,1927,,
unknown,3997,1845,,
unknown,3998,1754,,
unknown,3999,1664,,
unknown,4000,1584,,
unknown,4001,1527,,
unknown,4002,1506,,
unknown,4003,1520,,
unknown,4004,1567,,
unknown,4005,1631,,
unknown,4006,1712,,
unknown,4007,1810,,
unknown,4008,1915,,
unknown,4009,2005,,
unknown,4010,2082,,
unknown,4011,2133,,
unknown,4012,2161,,
unknown,4013,2160,,
unknown,4014,2123,,
unknown,4015,2055,,
unknown,4016,1967,,
unknown,4017,1862,,
unknown,4018,1770,,
unknown,4019,1671,,
unknown,4020,1598,,
unknown,4021,1535,,
unknown,4022,1521,,
unknown,4023,1535,,
unknown,4024,1584,,
unknown,4025,1653,,
unknown,4026,1743,,
unknown,4027,1849,,
unknown,4028,1943,,
unknown,4029,2032,,
unknown,4030,2109,,
unknown,4031,2159,,
unknown,4032,2190,,
unknown,4033,2187,,
unknown,4034,2153,,
unknown,4035,2096,,
unknown,4036,2005,,
unknown,4037,1919,,
unknown,4038,1830,,
unknown,4039,1738,,
unknown,4040,1660,,
unknown,4041,1611,,
unknown,4042,1593,,
unknown,4043,1607,,
unknown,4044,1648,,
unknown,4045,1717,,
unknown,4046,1805,,
unknown,4047,1898,,
unknown,4048,2002,,
unknown,4049,2101,,
unknown,4050,2171,,
unknown,4051,2224,,
unknown,4052,2255,,
unknown,4053,2254,,
unknown,4054,2224,,
unknown,4055,2165,,
unknown,4056,2085,,
unknown,4057,1982,,
unknown,4058,1881,,
unknown,4059,1776,,
unknown,4060,1690,,
unknown,4061,1632,,
unknown,4062,1610,,
unknown,4063,1618,,
unknown,4064,1661,,
unknown,4065,1728,,
unknown,4066,1814,,
unknown,4067,1917,,
unknown,4068,2011,,
unknown,4069,2099,,
unknown,4070,2167,,
unknown,4071,2218,,
unknown,4072,2253,,
unknown,4073,2250,,
unknown,4074,2223,,
unknown,4075,2161,,
unknown,4076,2085,,
unknown,4077,1997,,
unknown,4078,1909,,
unknown,4079,1825,,
unknown,4080,1747,,
unknown,4081,1695,,
unknown,4082,1677,,
unknown,4083,1688,,
unknown,4084,1731,,
unknown,4085,1792,,
unknown,4086,1872,,
unknown,4087,1963,,
unknown,4088,2067,,
unknown,4089,2154,,
unknown,4090,2218,,
unknown,4091,2259,,
unknown,4092,2283,,
unknown,4093,2273,,
unknown,4094,2230,,
unknown,4095,2163,,
unknown,4096,2079,,
unknown,4097,1973,,
unknown,4098,1869,,
unknown,4099,1765,,
unknown,4100,1680,,
unknown,4101,1626,,
unknown,4102,1605,,
unknown,4103,1617,,
unknown,4104,1659,,
unknown,4105,1727,,
unknown,4106,1811,,
unknown,4107,1916,,
unknown,4108,2007,,
unknown,4109,2096,,
unknown,4110,2160,,
unknown,4111,2205,,
unknown,4112,2224,,
unknown,4113,2213,,
unknown,4114,2173,,
unknown,4115,2103,,
unknown,4116,2007,,
unknown,4117,1915,,
unknown,4118,1815,,
unknown,4119,1719,,
unknown,4120,1638,,
unknown,4121,1584,,
unknown,4122,1564,,
unknown,4123,1574,,
unknown,4124,1615,,
unknown,4125,1677,,
unknown,4126,1757,,
unknown,4127,1841,,
unknown,4128,1943,,
unknown,4129,2027,,
unknown,4130,2095,,
unknown,4131,2133,,
unknown,4132,2150,,
unknown,4133,2135,,
unknown,4134,2094,,
unknown,4135,2022,,
unknown,4136,1935,,
unknown,4137,1835,,
unknown,4138,1727,,
unknown,4139,1622,,
unknown,4140,1534,,
unknown,4141,1479,,
unknown,4142,1456,,
unknown,4143,1471,,
unknown,4144,1513,,
unknown,4145,1587,,
unknown,4146,1670,,
unknown,4147,1776,,
unknown,4148,1870,,
unknown,4149,1952,,
unknown,4150,2017,,
unknown,4151,2065,,
unknown,4152,2085,,
unknown,4153,2081,,
unknown,4154,2035,,
unknown,4155,1968,,
unknown,4156,1879,,
unknown,4157,1790,,
unknown,4158,1697,,
unknown,4159,1607,,
unknown,4160,1529,,
unknown,4161,1481,,
unknown,4162,1467,,
unknown,4163,1484,,
unknown,4164,1529,,
unknown,4165,1603,,
unknown,4166,1685,,
unknown,4167,1774,,
unknown,4168,1869,,
unknown,4169,1949,,
unknown,4170,2010,,
unknown,4171,2054,,
unknown,4172,2069,,
unknown,4173,2064,,
unknown,4174,2019,,
unknown,4175,1959,,
unknown,4176,1872,,
unknown,4177,1782,,
unknown,4178,1680,,
unknown,4179,1585,,
unknown,4180,1506,,
unknown,4181,1458,,
unknown,4182,1451,,
unknown,4183,1470,,
unknown,4184,1520,,
unknown,4185,1600,,
unknown,4186,1686,,
unknown,4187,1797,,
unknown,4188,1895,,
unknown,4189,1979,,
unknown,4190,2043,,
unknown,4191,2093,,
unknown,4192,2117,,
unknown,4193,2107,,
unknown,4194,2071,,
unknown,4195,2000,,
unknown,4196,1913,,
unknown,4197,1822,,
unknown,4198,1730,,
unknown,4199,1637,,
unknown,4200,1561,,
unknown,4201,1504,,
unknown,4202,1488,,
unknown,4203,1505,,
unknown,4204,1535,,
unknown,4205,1617,,
unknown,4206,1704,,
unknown,4207,1791,,
unknown,4208,1879,,
unknown,4209,1955,,
unknown,4210,2015,,
unknown,4211,2062,,
unknown,4212,2079,,
unknown,4213,2069,,
unknown,4214,2025,,
unknown,4215,1965,,
unknown,4216,1888,,
unknown,4217,1801,,
unknown,4218,1710,,
unknown,4219,1621,,
unknown,4220,1535,,
unknown,4221,1501,,
unknown,4222,1491,,
unknown,4223,1519,,
unknown,4224,1566,,
unknown,4225,1636,,
unknown,4226,1715,,
unknown,4227,1821,,
unknown,4228,1919,,
unknown,4229,1998,,
unknown,4230,2064,,
unknown,4231,2103,,
unknown,4232,2119,,
unknown,4233,2106,,
unknown,4234,2065,,
unknown,4235,1989,,
unknown,4236,1904,,
unknown,4237,1809,,
unknown,4238,1725,,
unknown,4239,1639,,
unknown,4240,1571,,
unknown,4241,1523,,
unknown,4242,1517,,
unknown,4243,1534,,
unknown,4244,1587,,
unknown,4245,1658,,
unknown,4246,1744,,
unknown,4247,1831,,
unknown,4248,1915,,
unknown,4249,1986,,
unknown,4250,2041,,
unknown,4251,2086,,
unknown,4252,2099,,
unknown,4253,2087,,
unknown,4254,2036,,
unknown,4255,1969,,
unknown,4256,1886,,
unknown,4257,1799,,
unknown,4258,1707,,
unknown,4259,1616,,
unknown,4260,1535,,
unknown,4261,1506,,
unknown,4262,1495,,
unknown,4263,1522,,
unknown,4264,1581,,
unknown,4265,1651,,
unknown,4266,1741,,
unknown,4267,1840,,
unknown,4268,1933,,
unknown,4269,2011,,
unknown,4270,2079,,
unknown,4271,2115,,
unknown,4272,2128,,
unknown,4273,2112,,
unknown,4274,2074,,
unknown,4275,2001,,
unknown,4276,1914,,
unknown,4277,1813,,
unknown,4278,1714,,
unknown,4279,1621,,
unknown,4280,1535,,
unknown,4281,1504,,
unknown,4282,1491,,
unknown,4283,1520,,
unknown,4284,1579,,
unknown,4285,1652,,
unknown,4286,1745,,
unknown,4287,1843,,
unknown,4288,1936,,
unknown,4289,2011,,
unknown,4290,2077,,
unknown,4291,2115,,
unknown,4292,2128,,
unknown,4293,2112,,
unknown,4294,2064,,
unknown,4295,1990,,
unknown,4296,1904,,
unknown,4297,1820,,
unknown,4298,1724,,
unknown,4299,1637,,
unknown,4300,1569,,
unknown,4301,1522,,
unknown,4302,1520,,
unknown,4303,1535,,
unknown,4304,1597,,
unknown,4305,1665,,
unknown,4306,1750,,
unknown,4307,1850,,
unknown,4308,1936,,
unknown,4309,2015,,
unknown,4310,2078,,
unknown,4311,2114,,
unknown,4312,2128,,
unknown,4313,2113,,
unknown,4314,2069,,
unknown,4315,1994,,
unknown,4316,1904,,
unknown,4317,1808,,
unknown,4318,1709,,
unknown,4319,1616,,
unknown,4320,1535,,
unknown,4321,1500,,
unknown,4322,1491,,
unknown,4323,1522,,
unknown,4324,1583,,
unknown,4325,1660,,
unknown,4326,1749,,
unknown,4327,1847,,
unknown,4328,1927,,
unknown,4329,2002,,
unknown,4330,2064,,
unknown,4331,2098,,
unknown,4332,2114,,
unknown,4333,2099,,
unknown,4334,2055,,
unknown,4335,1980,,
unknown,4336,1890,,
unknown,4337,1808,,
unknown,4338,1714,,
unknown,4339,1626,,
unknown,4340,1557,,
unknown,4341,1515,,
unknown,4342,1506,,
unknown,4343,1531,,
unknown,4344,1587,,
unknown,4345,1661,,
unknown,4346,1744,,
unknown,4347,1850,,
unknown,4348,1946,,
unknown,4349,2029,,
unknown,4350,2096,,
unknown,4351,2128,,
unknown,4352,2141,,
unknown,4353,2119,,
unknown,4354,2071,,
unknown,4355,1994,,
unknown,4356,1901,,
unknown,4357,1793,,
unknown,4358,1684,,
unknown,4359,1587,,
unknown,4360,1509,,
unknown,4361,1470,,
unknown,4362,1464,,
unknown,4363,1491,,
unknown,4364,1535,,
unknown,4365,1631,,
unknown,4366,1733,,
unknown,4367,1837,,
unknown,4368,1929,,
unknown,4369,2005,,
unknown,4370,2065,,
unknown,4371,2102,,
unknown,4372,2111,,
unknown,4373,2095,,
unknown,4374,2034,,
unknown,4375,1964,,
unknown,4376,1872,,
unknown,4377,1787,,
unknown,4378,1694,,
unknown,4379,1605,,
unknown,4380,1535,,
unknown,4381,1499,,
unknown,4382,1493,,
unknown,4383,1523,,
unknown,4384,1584,,
unknown,4385,1655,,
unknown,4386,1746,,
unknown,4387,1853,,
unknown,4388,1949,,
unknown,4389,2032,,
unknown,4390,2093,,
unknown,4391,2128,,
unknown,4392,2134,,
unknown,4393,2106,,
unknown,4394,2057,,
unknown,4395,1968,,
unknown,4396,1878,,
unknown,4397,1776,,
unknown,4398,1667,,
unknown,4399,1572,,
unknown,4400,1495,,
unknown,4401,1458,,
unknown,4402,1456,,
unknown,4403,1487,,
unknown,4404,1552,,
unknown,4405,1641,,
unknown,4406,1741,,
unknown,4407,1846,,
unknown,4408,1939,,
unknown,4409,2018,,
unknown,4410,2081,,
unknown,4411,2112,,
unknown,4412,2121,,
unknown,4413,2096,,
unknown,4414,2033,,
unknown,4415,1959,,
unknown,4416,1857,,
unknown,4417,1771,,
unknown,4418,1675,,
unknown,4419,1585,,
unknown,4420,1513,,
unknown,4421,1478,,
unknown,4422,1478,,
unknown,4423,1507,,
unknown,4424,1571,,
unknown,4425,1650,,
unknown,4426,1739,,
unknown,4427,1842,,
unknown,4428,1939,,
unknown,4429,2019,,
unknown,4430,2083,,
unknown,4431,2116,,
unknown,4432,2125,,
unknown,4433,2098,,
unknown,4434,2047,,
unknown,4435,1968,,
unknown,4436,1875,,
unknown,4437,1767,,
unknown,4438,1662,,
unknown,4439,1560,,
unknown,4440,1487,,
unknown,4441,1447,,
unknown,4442,1443,,
unknown,4443,1475,,
unknown,4444,1533,,
unknown,4445,1622,,
unknown,4446,1727,,
unknown,4447,1837,,
unknown,4448,1935,,
unknown,4449,2013,,
unknown,4450,2078,,
unknown,4451,2114,,
unknown,4452,2123,,
unknown,4453,2097,,
unknown,4454,2034,,
unknown,4455,1962,,
unknown,4456,1867,,
unknown,4457,1778,,
unknown,4458,1695,,
unknown,4459,1616,,
unknown,4460,1561,,
unknown,4461,1529,,
unknown,4462,1535,,
unknown,4463,1581,,
unknown,4464,1644,,
unknown,4465,1725,,
unknown,4466,1815,,
unknown,4467,1915,,
unknown,4468,2005,,
unknown,4469,2089,,
unknown,4470,2145,,
unknown,4471,2186,,
unknown,4472,2192,,
unknown,4473,2175,,
unknown,4474,2124,,
unknown,4475,2042,,
unknown,4476,1951,,
unknown,4477,1853,,
unknown,4478,1751,,
unknown,4479,1663,,
unknown,4480,1598,,
unknown,4481,1566,,
unknown,4482,1571,,
unknown,4483,1605,,
unknown,4484,1662,,
unknown,4485,1744,,
unknown,4486,1843,,
unknown,4487,1958,,
unknown,4488,2063,,
unknown,4489,2144,,
unknown,4490,2209,,
unknown,4491,2255,,
unknown,4492,2269,,
unknown,4493,2256,,
unknown,4494,2214,,
unknown,4495,2146,,
unknown,4496,2064,,
unknown,4497,1978,,
unknown,4498,1899,,
unknown,4499,1821,,
unknown,4500,1773,,
unknown,4501,1748,,
unknown,4502,1760,,
unknown,4503,1795,,
unknown,4504,1859,,
unknown,4505,1937,,
unknown,4506,2029,,
unknown,4507,2122,,
unknown,4508,2206,,
unknown,4509,2272,,
unknown,4510,2320,,
unknown,4511,2356,,
unknown,4512,2361,,
unknown,4513,2335,,
unknown,4514,2278,,
unknown,515,2203,,
unknown,4516,2111,,
unknown,4517,2001,,
unknown,4518,1903,,
unknown,4519,1808,,
unknown,4520,1735,,
unknown,4521,1694,,
unknown,4522,1690,,
unknown,4523,1711,,
unknown,4524,1756,,
unknown,4525,1815,,
unknown,4526,1901,,
unknown,4527,1986,,
unknown,4528,2064,,
unknown,4529,2122,,
unknown,4530,2160,,
unknown,4531,2170,,
unknown,4532,2160,,
unknown,4533,2118,,
unknown,4534,2055,,
unknown,4535,1965,,
unknown,4536,1855,,
unknown,4537,1759,,
unknown,4538,1655,,
unknown,4539,1567,,
unknown,4540,1494,,
unknown,4541,1459,,
unknown,4542,1457,,
unknown,4543,1487,,
unknown,4544,1535,,
unknown,4545,1622,,
unknown,4546,1712,,
unknown,4547,1805,,
unknown,4548,1878,,
unknown,4549,1942,,
unknown,4550,1991,,
unknown,4551,2017,,
unknown,4552,2018,,
unknown,4553,1989,,
unknown,4554,1936,,
unknown,4555,1857,,
unknown,4556,1775,,
unknown,4557,1680,,
unknown,4558,1587,,
unknown,4559,1503,,
unknown,4560,1443,,
unknown,4561,1421,,
unknown,4562,1426,,
unknown,4563,1463,,
unknown,4564,1521,,
unknown,4565,1610,,
unknown,4566,1706,,
unknown,4567,1806,,
unknown,4568,1892,,
unknown,4569,1957,,
unknown,4570,2002,,
unknown,4571,2030,,
unknown,4572,2027,,
unknown,4573,1990,,
unknown,4574,1922,,
unknown,4575,1838,,
unknown,4576,1731,,
unknown,4577,1635,,
unknown,4578,1535,,
unknown,4579,1461,,
unknown,4580,1407,,
unknown,4581,1385,,
unknown,4582,1393,,
unknown,4583,1437,,
unknown,4584,1503,,
unknown,4585,1593,,
unknown,4586,1690,,
unknown,4587,1787,,
unknown,4588,1871,,
unknown,4589,1936,,
unknown,4590,1981,,
unknown,4591,2006,,
unknown,4592,2000,,
unknown,4593,1968,,
unknown,4594,1905,,
unknown,4595,1823,,
unknown,4596,1739,,
unknown,4597,1643,,
unknown,4598,1535,,
unknown,4599,1456,,
unknown,4600,1403,,
unknown,4601,1379,,
unknown,4602,1394,,
unknown,4603,1432,,
unknown,4604,1494,,
unknown,4605,1583,,
unknown,4606,1678,,
unknown,4607,1779,,
unknown,4608,1871,,
unknown,4609,1936,,
unknown,4610,1982,,
unknown,4611,2000,,
unknown,4612,1983,,
unknown,4613,1938,,
unknown,4614,1867,,
unknown,4615,1767,,
unknown,4616,1648,,
unknown,4617,1535,,
unknown,4618,1431,,
unknown,4619,1348,,
unknown,4620,1293,,
unknown,4621,1277,,
unknown,4622,1301,,
unknown,4623,1360,,
unknown,4624,1452,,
unknown,4625,1571,,
unknown,4626,1703,,
unknown,4627,1837,,
unknown,4628,1966,,
unknown,4629,2082,,
unknown,4630,2179,,
unknown,4631,2267,,
unknown,4632,2333,,
unknown,4633,2382,,
unknown,4634,2414,,
unknown,4635,2432,,
unknown,4636,2460,,
unknown,4637,2480,,
unknown,4638,2508,,
unknown,4639,2538,,
unknown,4640,2595,,
unknown,4641,2672,,
unknown,4642,2768,,
unknown,4643,2891,,
unknown,4644,3034,,
unknown,4645,3209,,
unknown,4646,3401,,
unknown,4647,3600,,
unknown,4648,3762,,
unknown,4649,3835,,
unknown,4650,3827,,
unknown,4651,3729,,
unknown,4652,3551,,
unknown,4653,3330,,
unknown,4654,3095,,
unknown,4655,2869,,
unknown,4656,2651,,
unknown,4657,2448,,
unknown,4658,2263,,
unknown,4659,2100,,
unknown,4660,1962,,
unknown,4661,1859,,
unknown,4662,1788,,
unknown,4663,1731,,
unknown,4664,1690,,
unknown,4665,1660,,
unknown,4666,1640,,
unknown,4667,1611,,
unknown,4668,1581,,
unknown,4669,1531,,
unknown,4670,1483,,
unknown,4671,1423,,
unknown,4672,1346,,
unknown,4673,1261,,
unknown,4674,1159,,
unknown,4675,1060,,
unknown,4676,971,,
unknown,4677,891,,
unknown,4678,833,,
unknown,4679,799,,
unknown,4680,803,,
unknown,4681,847,,
unknown,4682,926,,
unknown,4683,1043,,
unknown,4684,1181,,
unknown,4685,1335,,
unknown,4686,1498,,
unknown,4687,1666,,
unknown,4688,1809,,
unknown,4689,1923,,
unknown,4690,2009,,
unknown,4691,2065,,
unknown,4692,2089,,
unknown,4693,2065,,
unknown,4694,2010,,
unknown,4695,1931,,
unknown,4696,1824,,
unknown,4697,1715,,
unknown,4698,1607,,
unknown,4699,1505,,
unknown,4700,1440,,
unknown,4701,1409,,
unknown,4702,1415,,
unknown,4703,1450,,
unknown,4704,1520,,
unknown,4705,1605,,
unknown,4706,1711,,
unknown,4707,1806,,
unknown,4708,1892,,
unknown,4709,1962,,
unknown,4710,2011,,
unknown,4711,2037,,
unknown,4712,2039,,
unknown,4713,2005,,
unknown,4714,1952,,
unknown,4715,1872,,
unknown,4716,1792,,
unknown,4717,1705,,
unknown,4718,1615,,
unknown,4719,1535,,
unknown,4720,1488,,
unknown,4721,1477,,
unknown,4722,1490,,
unknown,4723,1535,,
unknown,4724,1611,,
unknown,4725,1695,,
unknown,4726,1783,,
unknown,4727,1879,,
unknown,4728,1966,,
unknown,4729,2029,,
unknown,4730,2079,,
unknown,4731,2096,,
unknown,4732,2092,,
unknown,4733,2058,,
unknown,4734,1991,,
unknown,4735,1911,,
unknown,4736,1817,,
unknown,4737,1717,,
unknown,4738,1621,,
unknown,4739,1535,,
unknown,4740,1489,,
unknown,4741,1474,,
unknown,4742,1495,,
unknown,4743,1535,,
unknown,4744,1623,,
unknown,4745,1712,,
unknown,4746,1818,,
unknown,4747,1914,,
unknown,4748,1999,,
unknown,4749,2067,,
unknown,4750,2112,,
unknown,4751,2133,,
unknown,4752,2127,,
unknown,4753,2095,,
unknown,4754,2020,,
unknown,4755,1936,,
unknown,4756,1850,,
unknown,4757,1760,,
unknown,4758,1671,,
unknown,4759,1600,,
unknown,4760,1555,,
unknown,4761,1535,,
unknown,4762,1567,,
unknown,4763,1616,,
unknown,4764,1687,,
unknown,4765,1776,,
unknown,4766,1872,,
unknown,4767,1973,,
unknown,4768,2066,,
unknown,4769,2138,,
unknown,4770,2186,,
unknown,4771,2205,,
unknown,4772,2199,,
unknown,4773,2159,,
unknown,4774,2096,,
unknown,4775,2000,,
unknown,4776,1905,,
unknown,4777,1802,,
unknown,4778,1703,,
unknown,4779,1619,,
unknown,4780,1581,,
unknown,4781,1568,,
unknown,4782,1589,,
unknown,4783,1637,,
unknown,4784,1713,,
unknown,4785,1804,,
unknown,4786,1905,,
unknown,4787,2000,,
unknown,4788,2095,,
unknown,4789,2160,,
unknown,4790,2207,,
unknown,4791,2234,,
unknown,4792,2230,,
unknown,4793,2195,,
unknown,4794,2135,,
unknown,4795,2047,,
unknown,4796,1961,,
unknown,4797,1872,,
unknown,4798,1785,,
unknown,4799,1710,,
unknown,4800,1669,,
unknown,4801,1657,,
unknown,4802,1673,,
unknown,4803,1721,,
unknown,4804,1795,,
unknown,4805,1882,,
unknown,4806,1975,,
unknown,4807,2078,,
unknown,4808,2160,,
unknown,4809,2224,,
unknown,4810,2267,,
unknown,4811,2288,,
unknown,4812,2273,,
unknown,4813,2237,,
unknown,4814,2173,,
unknown,4815,2087,,
unknown,4816,1986,,
unknown,4817,1890,,
unknown,4818,1791,,
unknown,4819,1712,,
unknown,4820,1663,,
unknown,4821,1648,,
unknown,4822,1671,,
unknown,4823,1714,,
unknown,4824,1787,,
unknown,4825,1872,,
unknown,4826,1981,,
unknown,4827,2083,,
unknown,4828,2162,,
unknown,4829,2226,,
unknown,4830,2270,,
unknown,4831,2290,,
unknown,4832,2279,,
unknown,4833,2243,,
unknown,4834,2174,,
unknown,4835,2083,,
unknown,4836,1994,,
unknown,4837,1904,,
unknown,4838,1813,,
unknown,4839,1744,,
unknown,4840,1700,,
unknown,4841,1686,,
unknown,4842,1710,,
unknown,4843,1757,,
unknown,4844,1823,,
unknown,4845,1907,,
unknown,4846,1997,,
unknown,4847,2100,,
unknown,4848,2176,,
unknown,4849,2235,,
unknown,4850,2275,,
unknown,4851,2288,,
unknown,4852,2271,,
unknown,4853,2222,,
unknown,4854,2153,,
unknown,4855,2059,,
unknown,4856,1949,,
unknown,4857,1843,,
unknown,4858,1738,,
unknown,4859,1653,,
unknown,4860,1601,,
unknown,4861,1584,,
unknown,4862,1603,,
unknown,4863,1648,,
unknown,4864,1718,,
unknown,4865,1806,,
unknown,4866,1910,,
unknown,4867,2010,,
unknown,4868,2096,,
unknown,4869,2160,,
unknown,4870,2195,,
unknown,4871,2208,,
unknown,4872,2191,,
unknown,4873,2143,,
unknown,4874,2069,,
unknown,4875,1971,,
unknown,4876,1877,,
unknown,4877,1781,,
unknown,4878,1687,,
unknown,4879,1611,,
unknown,4880,1562,,
unknown,4881,1535,,
unknown,4882,1560,,
unknown,4883,1601,,
unknown,4884,1667,,
unknown,4885,1746,,
unknown,4886,1833,,
unknown,4887,1920,,
unknown,4888,1993,,
unknown,4889,2047,,
unknown,4890,2089,,
unknown,4891,2097,,
unknown,4892,2083,,
unknown,4893,2027,,
unknown,4894,1952,,
unknown,4895,1870,,
unknown,4896,1773,,
unknown,4897,1669,,
unknown,4898,1570,,
unknown,4899,1491,,
unknown,4900,1449,,
unknown,4901,1440,,
unknown,4902,1463,,
unknown,4903,1513,,
unknown,4904,1591,,
unknown,4905,1680,,
unknown,4906,1788,,
unknown,4907,1887,,
unknown,4908,1968,,
unknown,4909,2031,,
unknown,4910,2075,,
unknown,4911,2089,,
unknown,4912,2067,,
unknown,4913,2019,,
unknown,4914,1947,,
unknown,4915,1852,,
unknown,4916,1759,,
unknown,4917,1664,,
unknown,4918,1581,,
unknown,4919,1501,,
unknown,4920,1459,,
unknown,4921,1452,,
unknown,4922,1471,,
unknown,4923,1522,,
unknown,4924,1597,,
unknown,4925,1680,,
unknown,4926,1773,,
unknown,4927,1861,,
unknown,4928,1936,,
unknown,4929,1991,,
unknown,4930,2029,,
unknown,4931,2039,,
unknown,4932,2023,,
unknown,4933,1979,,
unknown,4934,1910,,
unknown,4935,1829,,
unknown,4936,1733,,
unknown,4937,1635,,
unknown,4938,1535,,
unknown,4939,1472,,
unknown,4940,1427,,
unknown,4941,1426,,
unknown,4942,1456,,
unknown,4943,1506,,
unknown,4944,1586,,
unknown,4945,1678,,
unknown,4946,1787,,
unknown,4947,1883,,
unknown,4948,1962,,
unknown,4949,2023,,
unknown,4950,2064,,
unknown,4951,2079,,
unknown,4952,2058,,
unknown,4953,2004,,
unknown,4954,1936,,
unknown,4955,1840,,
unknown,4956,1745,,
unknown,4957,1650,,
unknown,4958,1565,,
unknown,4959,1491,,
unknown,4960,1457,,
unknown,4961,1456,,
unknown,4962,1478,,
unknown,4963,1535,,
unknown,4964,1615,,
unknown,4965,1711,,
unknown,4966,1802,,
unknown,4967,1888,,
unknown,4968,1964,,
unknown,4969,2018,,
unknown,4970,2059,,
unknown,4971,2068,,
unknown,4972,2054,,
unknown,4973,2000,,
unknown,4974,1931,,
unknown,4975,1847,,
unknown,4976,1756,,
unknown,4977,1659,,
unknown,4978,1571,,
unknown,4979,1494,,
unknown,4980,1456,,
unknown,4981,1455,,
unknown,4982,1479,,
unknown,4983,1529,,
unknown,4984,1609,,
unknown,4985,1697,,
unknown,4986,1804,,
unknown,4987,1895,,
unknown,4988,1974,,
unknown,4989,2032,,
unknown,4990,2069,,
unknown,4991,2081,,
unknown,4992,2064,,
unknown,4993,2013,,
unknown,4994,1940,,
unknown,4995,1855,,
unknown,4996,1765,,
unknown,4997,1670,,
unknown,4998,1589,,
unknown,4999,1519,,
